year,0,1,2,3,4,5,6,7,8,9,10,11,12,13,14,15,16,17,18,19,20,21,22,23,24,25,26,27,28,29,30,31,32,33,34,35,36,37,38,39,40,41,42,43,44,45,46,47,48,49,50,51,52,53,54,55,56,57,58,59,60,61,62,63,64,65,66,67,68,69,70,71,72,73,74,75,76,77,78,79,80,81,82,83,84,85,86,87,88,89,90,91,92,93,94,95,96,97,98,99
0,0.00025117782477145957,0.05042061908442002,0.0007431091098825727,0.02769384847628994,0.0003125383033360593,0.00035140223016110026,0.00024696067994227594,0.0002877401771651841,6.39571737023899e-05,0.00021793164828824913,0.005299415180320157,0.0006658752680941636,0.010434103331943613,0.0002950818694128885,0.0547676761578096,0.0003079825727670695,0.0006470030682320999,0.0003998993058962973,0.01070780392268829,0.25425393351054576,0.004278462589146598,0.12376255877497283,0.0003429040282818116,0.00037159539575769366,0.0003836465979935299,0.00027515669946549456,0.00036242354249316824,0.0005433801935427802,0.00032597394920852967,0.00022683730892204286,0.1717108863099581,0.0004338007080244139,0.0003696997486725945,0.0001854292459902108,0.00016018380463580915,0.0004098152626868012,0.00021166083774966404,0.0002788980469314655,0.0005465116977314814,0.008921100481096383,0.0029155428566656834,0.00017071982162777046,0.007902208182214723,7.15341195953376e-05,0.00019180191968048226,0.013609686611286847,0.0001933716106155803,0.01446090688600572,0.0002941114610760017,0.00016465849741249307,0.0002584596437515855,0.0002806593352842114,0.00019338960457105484,0.0004534337568325811,0.00023833964491294408,0.00025694712721871337,0.017581893728742807,0.06536277044540453,0.0002322683755805025,0.0002664356380139793,0.00019780659237117452,0.0001876478263605776,0.00032592111119241553,4.613478218720457e-05,0.00022496210110785496,0.0003593416294348293,0.00023224899395655685,0.028298728856629155,0.002724913272154635,0.0003582825057563185,0.00027695518717599324,0.0003843294987880814,0.000544956239383436,0.0002994371303987099,0.0001628599453582507,0.00016900942126916402,0.00034697058286649297,0.0001661760551794125,0.00034599142574359183,0.0001920517525612925,0.010516390168821332,0.00033625802982758537,0.029080217803560047,0.0002973126647202871,0.00032472652229336563,0.00022394577042746238,0.01745217376048647,0.00026785198753382175,0.0005194589738028926,0.0005811341382792681,0.0002148431722779296,0.000348714981049641,0.0004205821163062529,0.0004136887168036263,0.001955674680135448,0.00840639241780143,0.02009727274134898,0.0002385938146022174,0.00972572549124768,0.005166193753370523
1955,0.00021598257458353394,0.007948464931150121,0.0006389840301186862,0.0005839464677389188,0.0002687451707646079,0.00030216345114717576,0.0002123563396703662,0.00024742177909932894,5.49954401902258e-05,0.00018739488059247848,0.0008633476316506624,0.000190784390908661,0.00023777696878151994,0.006278009307276413,0.18524070025308387,0.006289102353117196,0.0005563444486684311,0.0003438650754310682,0.0010218847163850314,0.12229523112699349,0.0004047477268508078,0.09423333581673121,0.0002948560245346208,0.004865022254517541,0.0024944148774831533,0.00023660150898486187,0.0003116404478324226,0.0015495038825686805,0.00028029820252357853,0.0029423795316418327,0.23183449780676862,0.005867669902591243,0.00031789710582070445,0.00015944674251593875,0.00013773871385068293,0.0003523915999322518,0.00018200274135376696,0.00023981861566554915,0.0004699340143719284,0.0002390079572861159,0.0023719328823003953,0.00014679841519113997,0.009570761120115399,6.15106979878583e-05,0.0001649264717550204,0.0024218980352643926,0.0001662762162627769,0.008493667123085157,0.01648683906366988,0.00014158640887414008,0.00022224405890209812,0.0002413331107980451,0.00016629168888992392,0.0003898982336235052,0.006568636461201415,0.0023854686441872426,0.00033677823332387707,0.00029291072407073687,0.00019972273347720136,0.003210375565026046,0.00017008976460717925,0.00016135445352007002,0.000280252768215149,3.9670337314645465e-05,0.0029407670795395966,0.0003089903750499807,0.0001997060676228661,0.0062403861348279245,0.00027231193183073114,0.0016169970030242447,0.00023814799106950486,0.00033047692292172734,0.026046330559069093,0.00025747974530897455,0.005634693589759856,0.0001453276775838376,0.00029835277003626847,0.019776651520305336,0.002426991609636542,0.00016514129784031385,0.00023453904424227943,0.00028914126902971287,0.0002813927031295971,0.0002556529615661817,0.0002792255661274923,0.0001925662988284593,0.0002728016237064982,0.00023032033949455628,0.0004466719411020861,0.0004997051291376284,0.0001847391644644716,0.0002998527416640988,0.014939013596809663,0.0003557223023676516,0.00022728621918333727,0.0002410488185719431,0.003351562687813364,0.00020516184660957203,0.17395985864779998,0.0002730548000801812
1956,0.016502165402934702,0.00039826596629627994,0.00068295023241956,0.0006241257325144999,0.00028723656333200004,0.00032295423588496,0.0002269678187524,0.00026444598546566,5.877947943856998e-05,0.00020028885108614513,0.00041427912317703995,0.00020391158146613932,0.00025413755029712003,0.00027119332628044003,0.10814060870786738,0.00028304964487072,0.03420876331178044,0.00036752519956248,0.00109219694337516,0.1819772584999224,0.00043259696814759995,0.10566450541335133,0.03014590071998404,0.00034151265073154,0.00877385847875546,0.00025288121132232,0.00033308331076596,0.00049939049937212,0.00029958451782388,0.01699197844626094,0.2219823638237992,0.00039868209180729996,0.007062598225859219,0.00017041770173751057,0.020315699298016642,0.00037663840367301997,0.0001945256980608122,0.00025631967559018,0.0005022684906187,0.00025545323871140003,0.00040601981441179996,0.0001568990883152353,0.00026347997707386,0.033679881823187444,0.006899102230397294,0.00027508177373484,0.0001777170871100341,0.00897662062739442,0.00027030147797656005,0.00015132846251270194,0.0029494228500327197,0.0002579383777079,0.00017773362435321742,0.00041672573448148,0.00021904470517635999,0.00023614580674602,0.00035995073723466,0.00031306486180122,0.00021346493937006,0.00024486616902766003,0.0001817930320560449,0.00017245667550250097,0.01714207643462506,4.23999111279324e-05,0.00020675014906152003,0.00033025089596778,0.0086347173654388,0.00052694744259978,0.00029104874045108003,0.00032927751433004,0.00025453410129978003,0.00035321585623476,0.03846725658448374,0.000275196004303,0.00014967551340049146,0.00015532715452123082,0.00031888135545648,0.00015272316541143833,0.07629667707408994,0.00017650407901613542,0.00025067683576846,0.00030903604406084,0.00030075432709614,0.0002732435261143,0.00871970831580032,0.00020581609608713637,0.0002915721262708,0.00024616785705826,0.00047740583741082,0.00053408804915268,0.00019745040464402987,0.00032048453475922004,0.00038653361971064,0.00038019827981256,0.00024292496979650002,0.00296952149785768,0.014091466649449361,0.00021927829839442004,0.0005634661367297799,0.00588634435548514
1957,0.00017551965335065427,0.001579992892764287,0.0005192745557335056,0.1038045782425692,0.0002183975225928577,0.0002455551069472258,0.00017257276980623456,0.00020106892874418637,4.469240454545809e-05,0.0004839650656643704,0.014897685381999601,0.00015504218440575711,0.00019323101049137874,0.008838945159110401,0.1260953970119165,0.00091403684868994,0.006658113253149175,0.004694527018755831,0.0008304413054159639,0.13137010812506997,0.002936147261981246,0.09142108733700169,0.000776391697200191,0.004479101322204929,0.0047990618700525164,0.00019227576539146548,0.00025325665035278545,0.0033427666475313615,0.00374489442110376,0.000490188220390408,0.24733660091858825,0.002073846360045108,0.0002583411644315339,0.0012547582406819719,0.00011193426763549423,0.0002863733409191186,0.0001479057193983534,0.00019489016819908826,0.007303047013697415,0.00019423138135936125,0.010526115172781833,0.0003125342332013037,0.0002003344336746019,0.0012196079379303395,0.007151753775971801,0.011371770751802854,0.001257487741717681,0.003949689782561625,0.0014826963407352154,0.001410257208049148,0.003151532413796575,0.006982800638887954,0.00013513802974771607,0.001323136672441409,0.00016654850758782735,0.0001795511635627565,0.0006053624253279002,0.02050389727171944,0.0001623059870166006,0.0042337134865728845,0.00378836274790288,0.00013112575309854943,0.00022774924700540484,3.2238359354670944e-05,0.00015720046162281213,0.00025110305135515534,0.01230576228799423,0.011423550401707732,0.0048647795204577165,0.004745243464047076,0.0001935325241829255,0.01499540436151903,0.0013145340980551144,0.00020924260083755644,0.00011380431843456262,0.005384092190836281,0.013965478777959832,0.00011612157095003434,0.013572016066871318,0.00013420315692922998,0.0001905996899147055,0.005837329011121813,0.0002286756225771921,0.00020775805306836874,0.005072357456449581,0.0001564902635435443,0.00022169402563513416,0.00018717133188010809,0.0003629908774579688,0.004705011090615989,0.0009353738373251833,0.00709641904607942,0.000888081936875115,0.0019278988738557791,0.028556019089816625,0.00019588990064554925,0.0028127779253784586,0.00016672611791546292,0.00208681293266932,0.0002218997710728515
1958,0.00275015652221444,0.0006364216241943666,0.004016211742740443,0.013073422956846449,0.005024616732337219,0.03403657425234582,0.00020282084166279614,0.00023631172754499922,5.252596406734119e-05,0.0013689691161397177,0.0017073592329940465,0.0010237983866445035,0.01158206507412785,0.00024234122260977355,0.14959810511813584,0.000252936154211636,0.005953761704243744,0.0012456536566884193,0.005195368993119068,0.11561418603099231,0.0007593292416207607,0.12306776174650261,0.0005621429668017924,0.0035970833739458813,0.0003150765778758822,0.008348724492778207,0.0002976467668620515,0.06247141505269376,0.003791485766149592,0.0007053540603047387,0.24473717511022264,0.003856565535021189,0.0013369793127657867,0.00015228705941944004,0.009642380822409691,0.00033656805821811667,0.00017383021973164963,0.004525548096291879,0.010145195729563858,0.0028981182277914635,0.0006061408901165795,0.00014020668358687857,0.0007621191112092803,0.00032465519895626214,0.00015752073079499805,0.004480543100169746,0.00015880986733560976,0.006085943149121684,0.007044033126634101,0.0004940554980569651,0.00036484966815729245,0.001352604250210137,0.002311107933923667,0.0016367919298089912,0.010524764488779405,0.0011081087100910155,0.0034217262804211016,0.004380466022891806,0.001485639749316543,0.00021881499663666811,0.001559896371842447,0.0012647759963989344,0.0016672048924387499,3.788900870910256e-05,0.00046528106578037513,0.00684558788979669,0.006242714545705427,0.006553818122265905,0.0002600842305648111,0.000294245866943411,0.006889207661462616,0.00031563742227409467,0.016753632208150456,0.001197909163558137,0.0011671084531318446,0.0022400701786336064,0.004149693298497839,0.0004170019821788037,0.004168660616384288,0.00015772591048260475,0.0036328619231998163,0.0002761578751785249,0.0002687572453692985,0.0022078619348887825,0.0013000442523802467,0.00042191721512708927,0.0008478475794499138,0.007932502913199961,0.00186576910024721,0.0015067227177928612,0.015257095151330578,0.0012247212007519591,0.004509107159526489,0.00033974920116078077,0.00021708032048715296,0.00023022493390344756,0.007524012742804006,0.0010996380532640713,0.003835813196096147,0.0002607937415868824
1959,0.0008688144120370458,0.004926897349278955,0.0006579688096505285,0.0036412054170063893,0.0012863297001273197,0.0035035231623649493,0.002372317470092805,0.0002547728985423612,5.6629403259807955e-05,0.006787376397629385,0.001345214511196839,0.00871125533302693,0.0009627254777754393,0.0002612734304895406,0.13620165820156954,0.000272696060513486,0.016366320731619,0.0066336858598171075,0.008927462215126561,0.15484902924842148,0.00041677313906473364,0.13910930546005934,0.0003036164572771892,0.0003290205663835101,0.008893872029942096,0.0022557731528212613,0.0009017369927108831,0.0012792189927140394,0.002611552841821798,0.00020084785955505252,0.19353475133370948,0.0003840988243697933,0.0003273421094254179,0.00016418404597120912,0.00014183105261376567,0.0003628614654034746,0.0001874102034434777,0.00024694383841204927,0.013499087224953538,0.025758334601840634,0.002313034270068504,0.010924740001117069,0.019134218491667934,0.0020754802392862572,0.00016982658280261976,0.0014655246005845506,0.0001712164294110795,0.005937569317568732,0.0026023659951682552,0.00014579306605253648,0.00022884712605502548,0.0006215008723007856,0.0001712323617436335,0.017208551851486533,0.000857447141999238,0.00262851781708705,0.01616118678673974,0.0003016133602195063,0.0008349900984070858,0.014624652607812231,0.010235853302487583,0.0001661484367530997,0.0002885793253229458,0.0004666542403282776,0.01638407127073583,0.00031817075182199696,0.0002056395111617961,0.004283672954448589,0.0012264917340660405,0.008244769967448757,0.003148270580706378,0.009434214339662506,0.007975148387143745,0.006150684075517306,0.00014420057964846625,0.0001496454911577985,0.00030721709417409125,0.00014713675255051853,0.0047940667381333206,0.0001700477915605486,0.0018114084686327127,0.000936439804757819,0.022100670095231745,0.017023255020703957,0.006111006977798217,0.0012756456210785605,0.00957975219156962,0.0011832525344578572,0.0019029801834564175,0.002828626839156043,0.00019022792810008767,0.00030876163128292655,0.0003723947274311685,0.00036629112594805215,0.00023403909336868037,0.0022603525959015896,0.0017411808337678034,0.0009291413315361635,0.005948694872169014,0.00028116749920142984
1960,0.0001808760404503893,0.0024454619879939006,0.007921787697041813,0.002422578927865524,0.001569627978556482,0.00025304878746685607,0.0026909605309358314,0.007219225780728412,4.6056296363798175e-05,0.025560882678718904,0.0014002405260885157,0.00015977365430448618,0.00019912790050970669,0.016505852331050976,0.07207449831712748,0.00022178179280165242,0.033519671062224796,0.0017833334991715485,0.00567187718971288,0.13666446052514863,0.0034433280020088235,0.10771313850173496,0.0018603811693919026,0.0002675901182574708,0.00027626832759010693,0.00019814350390207346,0.00026098536123487896,0.000391294326864296,0.00023473758989857554,0.00016334815504345443,0.2517994963169404,0.0016705265019021844,0.018948198919958813,0.00013352973268612465,0.00011535020001534101,0.011640968443406587,0.00015241940360543726,0.00020083769124209635,0.018407087239345737,0.0029876390883363186,0.0026423568983909625,0.00012293730702750766,0.044704934851961226,5.151254224486242e-05,0.00013811876830352487,0.00021553861681697096,0.00013924912079912955,0.009952090395703552,0.0023451962072420715,0.015715275481175985,0.0010238268637068788,0.00020210601524173427,0.00013926207845340883,0.0062128588160549735,0.020939548818605717,0.009006380992340248,0.010749567034392568,0.0002453000297710801,0.00016725912860768668,0.0001918633672486516,0.0001424428021686983,0.006457066027728022,0.00023469954063545798,3.3222187255805745e-05,0.0001619977963294128,0.0013183859155077584,0.0001672451716773637,0.011371913350314025,0.001034775451924758,0.00891131755634143,0.00019943861558707087,0.005390972669713042,0.0033831520749923,0.008484575037689922,0.00011727731972825919,0.003044112815147219,0.0007057011511908827,0.00011966528854953473,0.00024915240497535543,0.00013829867583435763,0.00019641627911586859,0.00024214327463103672,0.02345814602531899,0.0002140982693010066,0.001145526591249931,0.00016126592491750804,0.00022845953021726227,0.008841723218562931,0.009168297985860684,0.00041848137668263203,0.00689172723021239,0.00025111366847526415,0.0003028660191278581,0.004648387439849739,0.011599962977282642,0.00020186793283029605,0.005823281283255845,0.0016132874702862363,0.00635273983698478,0.0022932203808256274
1961,0.00011123092434147615,0.0012362957682559112,0.0003290764750192963,0.004652586340028618,0.001757852929883842,0.00015561403524390783,0.004888377984729126,0.00012742209988236253,2.8322625835541513e-05,9.650827537989516e-05,0.01446005527463681,0.026366152504372804,0.00012245502710429818,0.00013067327548150665,0.09362350866199706,0.00320160677760758,0.00209444177843869,0.0036705526167795685,0.011077750955607474,0.1797796067922945,0.016682005485715787,0.14595333685302064,0.0012314835761892027,0.0006165374855998277,0.00016989304590924156,0.005521283055081232,0.0008282770535008172,0.004559322428240801,0.005896042799375652,0.000876776982305159,0.17992929825070522,0.018121135354995953,0.001458467616239699,8.21149974135006e-05,0.000548836829825662,0.0005295070906960274,9.373132620767756e-05,0.00012350647428946204,0.00690015589870903,0.00012308898560527563,0.026604466900602468,0.007711513353091682,0.0003495507562560283,3.1677980537435747e-05,8.493705539469193e-05,0.0018791670316621115,8.56321731814664e-05,0.0063411648254557895,0.000699235571963337,7.291693398705683e-05,0.0001144555858209841,0.00027129161409863143,8.56401415771648e-05,0.016678205794433666,0.001149938815643257,0.0018272806962240822,0.0011693968517271875,0.00015084888515077565,0.00010285711381815208,0.0006578040851557344,0.002437107606724638,8.309746768348949e-05,0.00014433004383773384,2.0430205061473365e-05,0.019379630185055445,0.003458510925559209,0.0001028485309110041,0.001151777275877155,0.004125506458044603,0.006773893777078034,0.0011456704290774913,0.00017019545989297038,0.009328164294976416,0.00013260194775041172,0.0022070140741159696,7.484368561315384e-05,0.00015365153626381792,7.358896525936574e-05,0.0005013489678948232,8.504769072760646e-05,0.00012078749748927542,0.00014890761757728558,0.008500062045410315,0.00013166115498194306,0.002855688008751285,0.025333715589103835,0.011176372430987624,0.00011861486652810964,0.002564144836418333,0.010343990918363152,0.00523096172973216,0.004925919104254292,0.0001862494732598548,0.0010833434998729055,0.00011705229599468216,0.00292139084454837,0.06795121872793643,0.00010565825452351238,0.0002715036048979168,0.00014062309363318013
1962,0.0008423231021943969,0.002321311266711202,0.0005654203883988456,0.0042171430700664,0.0014099832433297293,0.0002673765976214592,0.0015765195439719627,0.00021893711242001936,4.866403804606796e-05,0.0018790181299512365,0.0003429852595589823,0.00016882015719231683,0.0024646195800967596,0.005768651449040208,0.13139959351891312,0.0002343392425125288,0.0006433470105888903,0.004622877405289329,0.005369547475382623,0.16300745427891938,0.003878603951609023,0.2411426932756435,0.0005865133084647233,0.010733668012630034,0.0009431165714303915,0.0006458100849286822,0.00027576254608660766,0.009375575172431896,0.0002480286064566321,0.0001725970488160516,0.1601826039363996,0.00033007234275142267,0.0143060249854382,0.00038587478039748353,0.00012188141395104246,0.00031182218320101725,0.0017230526069592707,0.00021220927037833202,0.0029978050831920623,0.007294356047066284,0.007786894100409762,0.00012989810859324858,0.0013452458007754008,5.442922061844271e-05,0.0005135556608327869,0.0016722365430948875,0.00014713350936695189,0.014705255356327869,0.00622144481883321,0.00012528613944034646,0.0031068240232921445,0.0015036838239946679,0.0171690646471978,0.002949833734524947,0.00018134900084702083,0.00019550715034691432,0.00029800632021257815,0.000584791962559349,0.0010208869846875864,0.00020272681349979283,0.005422161226381422,0.00014277836922193163,0.010065369252555098,0.006716278157365698,0.0015314397964873276,0.001400526020478936,0.00017671471742408625,0.008912653208665985,0.002226104865024672,0.01093614175596499,0.00021073097802134288,0.011205726429253689,0.020530984694087054,0.002144967158173385,0.009455531572986758,0.015851644090373814,0.0005896074878283349,0.003063854767720565,0.0019385427852489311,0.0001461292495028793,0.0016762444854759927,0.0012918803320027452,0.0018133697623758966,0.0002262206722086827,0.0013741879133771816,0.011417707411543045,0.000241395078376707,0.002162080453395022,0.0003952484107903275,0.009247033200680306,0.00016347089316862037,0.00026533191075634545,0.005219187536003848,0.00031476943536366787,0.0013714543461534636,0.00021329784500987494,0.0022895450130125633,0.00018154239468719016,0.0004664984749337238,0.003850591030020646
1963,0.00014996066484397326,0.00422713025670561,0.004796424054801688,0.006215681181871462,0.0082094098061341,0.0026169584392411924,0.004115851502034294,0.0001717894814531389,3.8184343298142544e-05,0.00013011170431779693,0.0004943503513346242,0.005182979280404626,0.00016509291266583606,0.00017617269104398757,0.11436704490882611,0.04889101899484871,0.0029669320392296072,0.012562467621139566,0.005603876929773028,0.15088293978124825,0.0047488611121353,0.18385547333384777,0.00020472394848394007,0.005381799614768255,0.004858380608293669,0.001186571163729845,0.00021637768157613285,0.0007724468238912571,0.00019461618552357398,0.00013542864975568436,0.14742518131783966,0.0021674246904448903,0.0009495899842246302,0.00011070679919898127,9.563451655131261e-05,0.034316202387721345,0.003143539455647431,0.0001665104655619413,0.0012223490413454583,0.0009423490721115079,0.00026375871524264707,0.0015660589391198482,0.010217762592279135,4.270800634295048e-05,0.0001145114757634706,0.005158368097322105,0.00011544862814321936,0.05090301869254379,0.00017559332827777428,0.013607243335872784,0.00015430812830548733,0.00016756200732362535,0.013660453954578579,0.0002707134982922443,0.0018239287493858533,0.0010494703425635642,0.00023383130732474531,0.003548887989809873,0.00013867115879347163,0.0001590700351476405,0.00011809644473787922,0.0011283118033358663,0.00019458463964951286,2.754384315383128e-05,0.0008631772848690724,0.00021453768741406718,0.0001386595873849902,0.0014061566579648059,0.0009211382240728657,0.004334895647662367,0.008214004050275064,0.011583178238553175,0.00032535515443360587,0.017996490747561707,0.016538746416283483,0.0014745671029043324,0.007321114920711139,9.92120691328219e-05,0.0007879692041383999,0.011806584569529037,0.000301272602568461,0.010093017122560652,0.0054192949942766565,0.00017750454248320895,0.001686419684933045,0.00013370231489526815,0.0001894111732876103,0.0040916688442884175,0.000825952698850397,0.0008613629296193092,0.00012826779187734866,0.0008959534924110709,0.015353489456086734,0.0004300012852983036,0.0005309460553486795,0.0013283641537433766,0.0006025487868642094,0.0017551179223935906,0.001491254603649959,0.0007802124704912456
1964,0.00017887026888246341,0.006501325941875478,0.08668066726447828,0.0004836068923561855,0.0011048462761586192,0.0008270741787598433,0.0031563832635057927,0.0018338052707153453,4.5545568632579064e-05,0.007810884348520908,0.0015230549353146706,0.005070514889046246,0.003084667744632861,0.0012444166758655748,0.15849386165682447,0.0008409384442117262,0.0007609365462528496,0.0006909764643147916,0.0032562305493665017,0.07721119164815471,0.005811467954736507,0.21986201544511297,0.00991574833061268,0.0004677216347151611,0.004695802363767377,0.0012026724854803524,0.0010614605083815551,0.001598710422061345,0.001266415730218458,0.0007590117851552924,0.15134087315471706,0.00030892077895941283,0.0003192679023509171,0.00013204899405082102,0.00011407105795225375,0.02314853011076022,0.00015072919352901183,0.0005502638453003375,0.0009929214222269707,0.0008596489075982679,0.0021853747103472944,0.0021843440464683348,0.0002041587556363272,5.094130908225106e-05,0.00025515891857892073,0.002869632332243896,0.00013770495869417352,0.046187698426103624,0.000209444429148743,0.0005652461941184492,0.011512064118835102,0.001356125764285743,0.0022345317107896594,0.0008806565274004507,0.00046630052001329556,0.0008543134034369265,0.00027890959844590365,0.001001050067554604,0.01618368416764248,0.011451731818631622,0.00014086322467498675,0.0001336289028972445,0.002289316040399076,3.285377959685665e-05,0.0001602013694884837,0.020000862203988785,0.007729610610222292,0.0021327733679828383,0.004197118182443921,0.0004964719242392287,0.00028476423512511937,0.0008711660741489735,0.0023715799626761874,0.00021323697693673618,0.000976971284048661,0.0005344789222519275,0.007499728021144562,0.00011833829558328789,0.001262433332014368,0.0001367650534088576,0.0018140519227576963,0.0008756966172444192,0.0008305160003685613,0.0029244581704731703,0.0011305602790420324,0.00015947761394901838,0.00022592609555676228,0.005828991954852653,0.0009915362955546423,0.0019450417611356114,0.00015299541680435322,0.0014870644300996488,0.0018152514587073082,0.020621934843359085,0.0008098476424573208,0.005070779256303224,0.000843244929614828,0.009104759246705828,0.0004366045063291937,0.004920927162394127
1965,0.00020173603664777308,0.0011141928566974866,0.004649197751910836,0.0028040634303442896,0.0028473501283300478,0.004112957495150073,0.0001983489936849611,0.00023110146358839293,0.0027902088836577453,0.00017503403027633387,0.0003620418420485389,0.0001781999633553444,0.0002220928395756083,0.0020773556529705335,0.18093827228615011,0.00024735935046474663,0.006011779890039053,0.0047112421304517605,0.010413439926134352,0.13550166637605637,0.0023214843674381164,0.19374680028796454,0.01238259152162516,0.004310335481183386,0.0003081296855048371,0.0039853865091780995,0.029195141972645722,0.0004364213550219443,0.0002618093083001694,0.00018218670261763864,0.14566016637306117,0.00034841147148030783,0.012791711201037064,0.00014892939374201475,0.002578217438533785,0.001388751907189897,0.00016999756471345256,0.0002239998163371115,0.008525622733328846,0.00022324263021290735,0.006483984291061614,0.01608688153259695,0.00023025726112191124,5.7453359130665846e-05,0.02158361315645379,0.0005471224364682362,0.001524728898073971,0.027246817774331623,0.0028063932053721268,0.00013224715477412556,0.00020758450397157264,0.00022541441307547485,0.00015532283707982974,0.001876499572165708,0.00019142492130635067,0.00020636971086242028,0.00031456383067480007,0.0002735898888121133,0.00018654871930221553,0.006263268972919156,0.00015887038596688316,0.00015071126923722205,0.012197916193465583,3.705362174596313e-05,0.0001806806102996856,0.0017943655393603023,0.006962438022474128,0.0004605035883019132,0.00162377033714855,0.026024052482793734,0.00022243938867122121,0.00030867816425626446,0.0004376871723438248,0.00024049599110423841,0.00013080262931309953,0.001966452565173567,0.022200937400308606,0.00013346599680191972,0.00859253568329215,0.0019849592490109023,0.0002190684934459672,0.0002700690727381029,0.0032874708478136954,0.00034647596350274325,0.0002608074246263207,0.00017986433392829212,0.0008069164177379625,0.00021512806085676465,0.007978806867512192,0.00046674382152902996,0.00017255348920878805,0.015526850507383852,0.0004454810831837087,0.0003322583202151901,0.00021229407571941178,0.00022514887319546956,0.014145501008439143,0.00019162906028954242,0.0030760068077358093,0.00025504369165913615
1966,0.00014005679107531322,0.0005808775791344583,0.005590056887785177,0.0010441433504813856,0.0013096776569789263,0.0035766219377795215,0.00013770531051443096,0.0050213584582866466,3.566252921871592e-05,0.002309567229691758,0.008365148285705745,0.0005021854430552526,0.00015418965767664448,0.001031282581084305,0.09155905149305382,0.001886863980061453,0.0008761728617537389,0.03136664425073457,0.0011542044763318692,0.1424558332018761,0.0030066766457731873,0.24513472673320708,0.002908236260629355,0.0002072016459077901,0.0022570509929339825,0.00015342741503982248,0.00671959226200496,0.0003029888737619653,0.0007187548526095307,0.01357258442794686,0.0842284961181505,0.01993487108138737,0.006532800175701063,0.00010339537412801772,0.002474557434011014,0.003540560698937414,0.0011138138323808099,0.027087694223408575,0.0019149439767169546,0.0005334566600691969,0.004268499649889064,0.0018458371368086817,0.0030659368233325133,3.9887435334070244e-05,0.00010694877789063605,0.005321513471731703,0.010920920742114827,0.06397296437463758,0.0028108540625395076,9.181360174554724e-05,0.00014411713438179958,0.002579316593217308,0.0008457183441223648,0.010820506876393651,0.0004669859161991852,0.02528288757981661,0.00021838835264515182,0.018753897242673286,0.0011317759676539192,0.0031553538143942327,0.0010119642890430403,0.000393547417669484,0.00018173365829106123,2.5724761156674873e-05,0.004764073623788543,0.0011999339548314958,0.00012950207230125627,0.00031970814896517644,0.03818766520979955,0.0028508803942966115,0.010355395529915119,0.00021430218358176108,0.0005773737410717708,0.00016696618680650687,9.081072886245152e-05,9.423967751133304e-05,0.00019347084671199102,0.004183564288801124,0.008775783113839463,0.00010708808474077095,0.0012519087684846738,0.00018749752560285238,0.00018247286434257463,0.0045374662614019075,0.00018106755534983405,0.0006718843215185085,0.0005610406113063553,0.009473462717091412,0.00028965039820814085,0.0020107956838336903,0.0001197965836397788,0.00019444352338882082,0.001978156496966578,0.0010382798569720144,0.0010869088086189486,0.00015631133246181433,0.0006114493102746667,0.00597013788789731,0.0003418646738082021,0.0179444193623362
1967,0.02039824101347645,0.00017560281445465936,0.001265685472493646,0.0067003545439054246,0.00012664790166343868,0.0001423964826541711,0.00010007429993127755,0.00011659911528684062,2.5916957247394846e-05,0.0005310353593643494,0.0001826633108428182,8.990837941377185e-05,0.0005195947414513587,0.002054775766628594,0.11548480846539884,0.0001248018120451394,0.0002621809233836,0.00262867274098183,0.0037418962323615074,0.16762463122136803,0.0036629339658765634,0.20478061938065922,0.0001389528105524117,0.0001505792302516694,0.0001554626620083438,0.02705490021310198,0.0001468625786991235,0.00022019048731976125,0.00013209234267779426,9.191983474444955e-05,0.11316075317654037,0.02403321580356266,0.00014981106928367365,7.514030971892194e-05,0.0010294703719828133,0.0015758707165886288,0.004369213963759669,0.0331876979844536,0.0002214594467731053,0.00011263404728363578,0.0001790216291844035,6.917970357785321e-05,0.0001161731843594254,0.004013506092352898,7.77226676003152e-05,0.009797296751894799,0.017440440747144438,0.05261161966980647,0.00011918090999678503,6.672351185680491e-05,0.031745729496791726,0.0006525977953331301,7.836603501399646e-05,0.0006264663755504754,0.004523823939254587,0.00010412104421551447,0.00015870892286187958,0.00013803607511432445,9.412063121881878e-05,0.00010796601287794283,8.0155902785674e-05,7.603933088073822e-05,0.006383190828940649,1.8694903297746844e-05,9.11599562517538e-05,0.009426409034109571,0.0018130877910705057,0.0021675424764022056,0.002983958089944028,0.0001451845328153594,0.00011222878263637438,0.0001557393895382016,0.00022082913831555825,0.0008159078744787745,6.599469608839881e-05,6.848660895839088e-05,0.009417870122476317,6.733846210379995e-05,0.022975175998110473,0.00779921792682454,0.00011052804307858307,0.00013625969502160349,0.0001326081331745376,0.00012047811331560795,0.00013158685583156515,9.074811505758888e-05,0.00094041784444964,0.029989251118628355,0.0009244043763977058,0.0002354892773540077,0.010683120469541584,0.00014130754585000373,0.00017042980632705327,0.002861976460064651,0.0001071101023124954,0.00011359581637777228,0.0008161725199092077,9.668384849698901e-05,0.005138932283977015,0.02270761858260399
1968,0.00016931742087993525,0.004927614059846244,0.0013220604229474582,0.002310298762969446,0.0002106801406342316,0.01088395293848804,0.0001664746695876864,0.004541882775513822,4.3113135914423656e-05,0.00014690637857802823,0.0003038623736487196,0.00014956355194438423,0.0319815864003717,0.00019891286630450357,0.11032558930523984,0.0002076091507852419,0.000436140773629775,0.0016246102469239258,0.0034726219163042833,0.11661434164003036,0.0003172980104971177,0.17141994190072354,0.00023114948833895404,0.03745709162240212,0.0006681166824454159,0.001006509423098074,0.0002443074723532787,0.0003662892335803034,0.00021973702656376433,0.00015290962942677539,0.11766865176167246,0.003666275073367531,0.0002492123180147621,0.0001249967098622046,0.00010797891371322666,0.00027625393833431586,0.019268618885041982,0.017803531171409526,0.00036840016121965634,0.00435130095066385,0.014172178880321356,0.00011508117771701416,0.00019325533622984047,4.822070835999928e-05,0.00012929248985123982,0.000201764935856649,0.00013035060881915614,0.027982800627307517,0.00019825872003601354,0.00011099527648676406,0.00017422605009571963,0.01660975054179468,0.00013036273843343674,0.0023378793595221045,0.0001606632831015964,0.0008479770109233018,0.02912456424160298,0.03483846761307275,0.00015657067792926454,0.00017960261858337244,0.0007654534159404108,0.00012649224119209383,0.0002197014087833263,3.109917183136243e-05,0.000151645563416962,0.004590148872413828,0.0001565576128962186,0.0003865014955824167,0.0002134762679874316,0.0018795275427071047,0.00018669378172466851,0.002368791894907104,0.00036735163635081804,0.0004800913747704943,0.00010978288365145344,0.0001139282073954828,0.0018719022453280822,0.00011201825280788609,0.00023323068390603867,0.00012946090065370558,0.00018386458325780346,0.0014612598126221928,0.00022059504957846142,0.047945434423495185,0.022332220348976865,0.0009719884520152697,0.0010348881479653137,0.00018055737104999512,0.004268651088203781,0.037935227909899887,0.0001448244559680584,0.0002350666157223273,0.024437619323115636,0.01913179515130901,0.0001781788021921883,0.00018896785699244268,0.002667112930068929,0.00016083461731987477,0.0016775133826645707,0.026301572024015885
1969,0.00015892232531519843,0.001195477207093938,0.0017128432632748628,0.000663457516098801,0.002358813864114767,0.0028656354241802387,0.0001562541022622585,0.00029066316725315423,4.046624249024586e-05,0.002416963819605823,0.028039109123252755,0.0007145567030704409,0.0021798454024592236,0.0001867007841481288,0.11809931136401944,0.0022183551470583026,0.0334887378072314,0.0012721105627530338,0.0055329358848936975,0.14005542267321258,0.0033419148843872714,0.24148356746929356,0.0019777983774373416,0.0013665509090488247,0.0004765197936555533,0.005159751868000715,0.0013982641365931781,0.009008936037422515,0.0030764809504192454,0.0005123262747941626,0.1112653934174657,0.0008957997291498323,0.0006097485401819981,0.001286239444668049,0.0007944789689370835,0.0019586577953789788,0.001335702469354096,0.008452769723130568,0.015606556139496333,0.003371208477894517,0.005119689588284121,0.0012386132850842546,0.0009549522856661532,4.526023997465685e-05,0.0004148280418257741,0.0008589618402411679,0.007607009620464402,0.0331103531875842,0.0017018533415987973,0.00047298521704186006,0.004437013358049596,0.004649650711825353,0.0003090053651757124,0.00028689135706070484,0.003129609579203857,0.0012486647425848907,0.0002478050836211113,0.0006285001332436085,0.00014695815754445688,0.00016857607226492517,0.00746195362838922,0.00011872636022984781,0.0013751687408620817,2.9189865266855383e-05,0.00847698924661036,0.0007096430990583123,0.0020639556529746896,0.008418599769378038,0.0015866287316152548,0.00022668835907928872,0.00017523187962217455,0.00024316851095513152,0.0006126269306955045,0.006945123948103708,0.00010304285914010356,0.001519636420035679,0.01725678030899219,0.0008260410643235078,0.0021482164078856043,0.00012151276142977025,0.0004388550294795082,0.0010193791040343464,0.0027326798045195586,0.0009515733265235497,0.007262483440283472,0.00014169237516577828,0.020430431081160272,0.0026082343368488943,0.0004702797535239056,0.004356285013896464,0.006963244206014074,0.004865808836598941,0.02794078731805625,0.009513026339490764,0.0009623172161841,0.018736761603882345,0.0006192006198085067,0.0003474446453619526,0.00038791356340232884,0.005030248842276637
1970,0.009884294528411854,0.00028915203408842825,0.0004958406331370521,0.0004531324299732823,0.00020854163694778019,0.00023447364858220806,0.018450802746802972,0.00019199505123425076,0.027249207328433205,0.0001454152089252813,0.000300778025953393,0.00014804541071745226,0.0010075644261518571,0.00019689380605233692,0.10567216417376743,0.00020550181910720705,0.0032843397319524065,0.00042877703455600853,0.04215878985448891,0.1515747127703559,0.0003140772846939617,0.21170077469392976,0.00022880321103231198,0.00024794756766260794,0.00025598874986211345,0.00018359870745820404,0.0008318024089335148,0.005734824614971563,0.0018369558844966276,0.013634627557442176,0.15778069211127949,0.005227775645119067,0.00024668269439111315,0.02520643939729561,0.000106882876353753,0.00027344982939578197,0.00014123100148333254,0.00018609512699021216,0.04802608103882161,0.00018546607001041355,0.00029478154086117966,0.00011391304899806193,0.00019129370260024555,4.7731245222748094e-05,0.00012798010955120256,0.00094878748315911,0.0001290274881080658,0.020060778640112104,0.00019624629967977017,0.00010986862160971528,0.00017245757277610152,0.0001872703492023414,0.00012903949460098474,0.0003025543329822723,0.022021597934161606,0.00017144834392218643,0.0010104046824773861,0.00022729369128189966,0.0001549814110390118,0.002980008625482168,0.0025611413621422162,0.0001252082847485324,0.00021747133493210186,3.078350043772036e-05,0.00015010628878279016,0.003174663452686015,0.005093289971098647,0.002552869906513313,0.0002113093822777124,0.0013319753579617943,0.0001847987509958366,0.0002564444164093718,0.0003636228424256079,0.0001997998602723217,0.00010866853513863052,0.005699440576540139,0.00023151662548671803,0.00011088121423435916,0.00023086328147396573,0.00012814681090389174,0.00018199827023977194,0.0008143434325948789,0.00021835590484790935,0.0001983823074620182,0.00021667424375376064,0.00014942814065980767,0.0002116893747631228,0.0012716354633029495,0.0061079848294810475,0.020705381252054053,0.01578602704388576,0.021639197517741328,0.009919473324249662,0.0009109599802209743,0.00017637020255773967,0.00018704974331745986,0.013053784022834015,0.00015920206941568213,0.0004090918967807753,0.00021188583528092313
1971,0.00021818558992159516,0.002183148421331425,0.0006455016467451402,0.004254750440582624,0.00027148636289255903,0.0003052455086639258,0.0002145223675285466,0.00024994547331578674,5.555639191745595e-05,0.00040318767605598805,0.0006054441018759734,0.00019273038558090797,0.00024020228624183518,0.009235221120694675,0.1929205291123025,0.0002675290280338071,0.0063592443423796914,0.00034737248817887946,0.0010323079077386556,0.1323864871178223,0.028477922357844448,0.22251960834576667,0.0002978635465341437,0.0003227862997432762,0.0003332545752428272,0.00023901483679294086,0.00031481917041161124,0.0004720071454863255,0.010051430512179797,0.00019704220350030827,0.1581132501730836,0.008370567227267676,0.0003211396461108153,0.00016107309417900218,0.00013914364431713114,0.0003559859829567085,0.005067995801969313,0.00024226475785865502,0.0004747273262561851,0.0066364428626703685,0.00038375630664251565,0.00014829575432087096,0.000249032434593379,6.213810513581594e-05,0.0001666087164806681,0.0002599980635577411,0.00016797222833917264,0.02465419344861084,0.030164143121482554,0.0001430305857065041,0.0002245109411795155,0.0002437947007929655,0.00016798785878660067,0.02346643726574408,0.0002070337063964548,0.00022319709385923127,0.018555393952063026,0.000295898404067873,0.00020175989895713234,0.00023143928772019942,0.0029671159097905487,0.0001630002637742127,0.007017285052878505,4.007497348373969e-05,0.012842458846944333,0.0026513837999274977,0.0002017430631116222,0.004675186014883739,0.0002750895048072409,0.011151546810024062,0.02578906830342944,0.00033384777694307825,0.00047337617753286684,0.00026010603045836057,0.0024807100066177572,0.00014681001523709805,0.0013708028271671355,0.0001443488120941987,0.00030054541400050075,0.00016682573378516994,0.00023693133497609082,0.008132133723294155,0.00028426289968230497,0.0002582606135799445,0.0002820736579522332,0.00019453046890435978,0.00027558419152445656,0.006559168469668284,0.00045122798058456776,0.010847543388644111,0.0001866234980207477,0.0003029112300181843,0.00036533860917161207,0.00035935065845018563,0.00022960453133403548,0.00024350750879527838,0.000610399014749648,0.00020725449086914164,0.0005325692881831486,0.0002758399502890486
1972,0.009079685925915588,0.0015382099465352911,0.0005790996988174441,0.0005292201489453761,0.00809831342808515,0.002406119571100831,0.005140689396503028,0.03613201315497206,4.984137529161129e-05,0.0001698325995578994,0.0011867170407979608,0.0001729044516085261,0.00021549297715864636,0.00022995522384391202,0.09670031629386387,0.00024000865116378188,0.006755486894686164,0.00037929546350091715,0.002596983445508789,0.12423271874307298,0.000366815562937974,0.32960380587693183,0.0010055071867744352,0.0002895816763694795,0.0063577096181126405,0.0006945050572123076,0.013414238991593243,0.008938254929612793,0.0009719131495673236,0.004391935591123415,0.12894497865028762,0.00033805783837507727,0.0002881044119389331,0.0031363147835772064,0.00012483011146868322,0.000904934640755088,0.013264518929445265,0.00021734328489702768,0.006822715578958237,0.0068100981973688345,0.00034427977483334713,0.00013304075535075686,0.0002234147791813959,0.00025871628344276197,0.002141112293730257,0.00465314306421695,0.008931871107027716,0.012990218120856236,0.0002291989914573705,0.00012831720805357765,0.00020141578115851275,0.01708576747065159,0.00015070715763290196,0.005711259233634562,0.00018573640768198915,0.00020023708767057864,0.003435329603778367,0.02610928173855215,0.00018100511022498683,0.00020763141734665664,0.00024578326063394174,0.00014623263028807314,0.0002539880278948519,3.595251103009736e-05,0.0007925537251767499,0.0016516820541283065,0.0010794764746663243,0.00044681894934137144,0.0035990450563054407,0.00027920703489669774,0.0010512631092150439,0.00029950527322967276,0.021383490104262548,0.00023334924807482513,0.00012691560909716015,0.00013170785239029336,0.0002703917330097687,0.0034446805400993215,0.0002696286827558887,0.000286829544138808,0.017080583581281984,0.0013783798773458788,0.0037393714907601725,0.00023169366692507877,0.0002530570931741719,0.0017479495075447622,0.002648245103935725,0.00020873516855821468,0.002115699857499525,0.005280629494860008,0.00016742577194189457,0.00027175113023562874,0.00032775668289068227,0.01034776320328308,0.0002059854000576294,0.003835207109119305,0.0005476080307190007,0.00018593448033181695,0.006329505404946406,0.0002474646392300617
1973,0.00020834181342344022,0.003166553944504793,0.0009377942801547737,0.0020286770752149367,0.00025923784052421555,0.000291473890815888,0.0009933391865074945,0.00023866880111699583,5.3049880349586374e-05,0.014834652805453093,0.00037389677700098745,0.0009725303831456837,0.001432389587072719,0.020137393257687482,0.14750717285011664,0.00025545904687842327,0.008531581442129559,0.0003317002472372622,0.005797831335057084,0.12001815433474067,0.0047089719627198086,0.24362117142744408,0.008957873536769686,0.0032009862394754888,0.004094517641029335,0.005626409934839943,0.0019015911418700001,0.003381489290685805,0.06007482811529239,0.00018815234320909504,0.09318718450864927,0.00035982008466079694,0.013163460767592616,0.0032961049838482067,0.00013286596605118574,0.0003399251310280367,0.00017556407619828094,0.0002313346128816493,0.0009417721886129684,0.0002305526329595877,0.0003664425540995309,0.0001416051646184118,0.02571501809190524,5.933464951257043e-05,0.00015909190948958815,0.007344725765759181,0.0001603939044257625,0.007901025673332285,0.0002439535225888101,0.00013657754213658053,0.002903018724384814,0.006832930018211744,0.00016040882968166448,0.018048242578204303,0.0001976930641749369,0.0005844274401485245,0.00032486411455896703,0.00028254849513552056,0.0001926571926219647,0.00022099755038077975,0.0001640725418305578,0.00015564625764436389,0.00027033833659717153,0.0016251723730219727,0.00018659693441887564,0.000298059300350687,0.00019264111635135004,0.09707454554632204,0.00026267842118213146,0.0031042902232662067,0.0002297230895513028,0.00031878572402833764,0.015728780765932066,0.0002483709491884584,0.00013508571618875203,0.00014018645692512273,0.0018887735389056081,0.0001378362947252122,0.00028698584810969577,0.0001592991357265623,0.00022624181552729044,0.009719658279905228,0.006286559915557868,0.00024660879111417807,0.00026934747357912396,0.00018575392935990423,0.0002631507893517194,0.0002221723548352393,0.0012193654639042842,0.001685051580849242,0.0001782036935575791,0.00028924492672038936,0.00034885579921095964,0.0003431380040419866,0.00021924557183432736,0.00400881965070911,0.00255044073212199,0.0001979038876185533,0.0005085416104408316,0.00026339500916858216
1974,0.0054364217318522146,0.00033401659175179825,0.0005727747994393611,0.000757564036378854,0.00024089876120440457,0.0020849436105479743,0.006194948280817924,0.005330172075401669,4.929701016031142e-05,0.00016797769597997123,0.00034744646158032134,0.0001710159974085389,0.0002131393731073917,0.0036906303223213795,0.12402333838158357,0.00774938410365073,0.006574685162344837,0.005486351949532066,0.03641176797289802,0.1268396346038706,0.00923067472672636,0.2455386960986801,0.00030911451656437876,0.007905573375967699,0.0015839677675364016,0.004732047783842961,0.016778077491534888,0.0004188274335985125,0.0027869222601664217,0.0017343185933156235,0.15356985414791277,0.00033436558673679103,0.005356292850985705,0.0001429254436122127,0.00012346672292606997,0.0012523740667041124,0.0001631442708465769,0.00021496947187263655,0.006748977410797382,0.0002142428110034917,0.00034051956750086126,0.00013158769054603177,0.03085959257774089,0.013050157384292802,0.00019264779748102057,0.00023070481610670723,0.0001490472718132928,0.00235762640087646,0.00022669569096960639,0.00012691573360785932,0.0006674639370513118,0.0007988624289109228,0.00014906114122238082,0.008791656966437678,0.00018370780346782506,0.00019805010771899775,0.0024149387745107686,0.0002625603666528212,0.009270332501665994,0.0002053636768779143,0.00015246567397227335,0.02449353197734068,0.0002512139827296399,3.5559839413928594e-05,0.0001733966393762502,0.0014117375287584365,0.01831990575374674,0.012264741882044024,0.0006922000922605689,0.0002761575489360296,0.024273293297470504,0.005204283467312261,0.005843816167682473,0.00023080061868158646,0.004645491516457654,0.0001302693454883298,0.0002674385273571934,0.0001280854391518202,0.008446766105164039,0.0001480299495624043,0.00021023695068187996,0.0002591814890074341,0.001097458318637739,0.00022916311971043742,0.006345616813153596,0.00017261327042829722,0.0002445348990587409,0.0002064553729712147,0.0021173279143185198,0.0015826911048633036,0.0001655971556207344,0.0004928351497931288,0.00032417693998283015,0.00031886363475610533,0.0002037356373114662,0.00021607220557140667,0.0005416270818426696,0.0079510791204307,0.0004725662107367213,0.007036247869597411
1975,0.0001544745929072944,0.0055978053341977085,0.00045701278502295194,0.00041764893791807996,0.010693233382178813,0.00021611269426448997,0.00015188104496446662,0.00017696047320700812,3.933372056298387e-05,0.00013402816383801958,0.0011612068642079688,0.0001364524021232341,0.00017006233269550094,0.0016657124361336962,0.12627720577005033,0.0001894095650920769,0.0029176412251104766,0.00024593844037962157,0.05373108626518351,0.2651779961619241,0.002488814067391716,0.21995718475929343,0.0005055469246020594,0.0002285315096510733,0.00023594301009351225,0.0007869880958506656,0.00022289081147028694,0.009348575496726921,0.00020047427812621538,0.0030975005505083164,0.08019881844870617,0.0018509590841499929,0.003236793232261911,0.00011403915657566552,9.851318695818739e-05,0.0032998275903177825,0.011410371407033083,0.0001715225549929697,0.00033610519600189793,0.00017094275764870548,0.0020527822281959447,0.00010499284708413915,0.0006842545115099974,4.3993549245547715e-05,0.003904958941344267,0.00018407767002028455,0.00011892371811425385,0.004601874952203232,0.010513459246120772,0.00010126512712524113,0.00015895291826743832,0.0001726057489474181,0.007738041779675378,0.0005944455589193047,0.0011571106387551781,0.00015802271921067326,0.0005564531864450964,0.0004598871769130458,0.00045842864633880966,0.00016385816206368153,0.016151473091061994,0.013844887755047814,0.020338199998213114,2.8372933413686827e-05,0.00013835189877858456,0.025521742589945377,0.00014283334457255512,0.00035261971791129896,0.00019476235476153912,0.0002203440700741384,0.011670840563444767,0.01538849311799055,0.00033514858768937433,0.01908711139718685,0.00010015901596016056,0.00010394094929283757,0.0002133872271084341,0.0048359491572913995,0.00021278504457863446,0.0003685042024254099,0.0007265373980263854,0.0007083702550363029,0.00020125708449789063,0.0001828475618444229,0.00019970710942780512,0.0021408644402900337,0.0001951125911327279,0.00016472921831909887,0.0025317155704002513,0.0003573980287348144,0.0001321287482553244,0.007182201269774129,0.00025865838777611595,0.0008042517577222017,0.0005350864191512278,0.00017240241807233158,0.005440004215576016,0.0001467354150965086,0.004705347811092789,0.002364803246199219
1976,0.00019300131069639894,0.00033297811239778964,0.0011984490930800704,0.000521812622464853,0.00024014979125473924,0.0008908450831636162,0.001226310091852274,0.00022109527934412122,4.914374254268361e-05,0.0001674554423748762,0.0003463662278857243,0.00017048429752627645,0.0006364319492275945,0.00022673652664700992,0.19175974245177055,0.00023664923553572294,0.0033202015424252706,0.0003072766883573031,0.14106950939183963,0.14976262868458645,0.0003616812232849167,0.19069828571204495,0.00026348236338809034,0.0002855283841049091,0.005597227666387176,0.00021142632193766171,0.011725272356974584,0.00041752527180948825,0.00025047354203090277,0.00017429841976152586,0.11575112726607932,0.0003333260223346344,0.0011319822776800614,0.00014248107909255493,0.0001230828568373057,0.0003148959623084128,0.00016263704467526187,0.00021430111777350492,0.00041993147312690003,0.00021357671614036044,0.0008957149672495411,0.00013117857583962926,0.0002202876289846032,5.496575525318857e-05,0.0001473777469253214,0.00022998753979675706,0.021232471681465886,0.007407244676645282,0.0002259908792910056,0.002322120048945561,0.0013137475244864732,0.012798392779925623,0.0001485977004189542,0.016930893536781223,0.00018313664393331187,0.00019743435702577374,0.00030094390980782654,0.011386825994922413,0.00017847157073340442,0.004140661605987195,0.00015199164825462137,0.00014418580330438687,0.0002504329420839303,3.544928155550352e-05,0.0001728575379229359,0.00027611277202437343,0.00017845667818136769,0.005806448088309917,0.0002433370370870817,0.007482538042608213,0.0018815705450221972,0.00029531307977875463,0.001744346111389547,0.014034094976642795,0.00012513916362915685,0.006338192606055451,0.00026660704354477274,0.00012768721317325612,0.00026585467375149854,0.0001475697148010555,0.00020958331029957185,0.03638044275572605,0.00025145158413420246,0.0006524058769580586,0.00024951503771294465,0.00205444186799206,0.00024377462411948985,0.00020581348976048767,0.0037132608039394527,0.0017048086737524587,0.00016508230327077532,0.0002679474132053157,0.00032316905274752385,0.0003178722669330194,0.0008305572977601464,0.003940397388873017,0.0005399431279435236,0.00018333194414826013,0.005437759592749276,0.00024400086168542174
1977,0.00018778277653432079,0.0020604784489980234,0.0005555549820079411,0.0005077034074201235,0.00023365641623488212,0.0002627114337025749,0.00018463000153999662,0.0002151171164799946,4.781495208843615e-05,0.0014629010169878332,0.0011803563944916117,0.00016587459758418541,0.00020673158230383662,0.0002206058309235981,0.08241638744396199,0.0002302505115290602,0.009990774024909083,0.00029896827900185215,0.0008884621813162234,0.1489011683796175,0.05151483717430686,0.29623736306065745,0.0033937156928142073,0.0002778080239616628,0.0011534665284959555,0.00020570959659620277,0.008244608158174918,0.0004062358671593,0.04485631458197766,0.00016958559032714796,0.12944147228771738,0.017612557933258742,0.0002763908213352403,0.00013862855407078314,0.0018125481694733264,0.00030638153652094946,0.0011947886980734857,0.00020850666124863838,0.0004085770075518353,0.00020780184660510506,0.00033028223724481764,0.013834411788699824,0.00021433130406022817,5.347954425027895e-05,0.0001433928216194628,0.00022376894040512715,0.00014456633652810722,0.011357382961215636,0.0002198803450172188,0.0034965222068098394,0.00019322672919039324,0.00020982341609136345,0.00014457978896930827,0.004088734837990476,0.00017818483905050322,0.006793914983893222,0.006431045176641545,0.002539130145551181,0.00017364590408133263,0.021785968005101675,0.00014788196834672856,0.0198264417521439,0.003716668888444713,3.449077362542806e-05,0.00016818366828148915,0.0002686469992366488,0.00017363141420683722,0.00042865243043478825,0.0011034064011170644,0.009865776111307886,0.00020705416200977322,0.00028732815268282255,0.00040741413305189414,0.00022386186278546013,0.00012175554411871015,0.015272136393559888,0.0002593982947566454,0.0001242346973245254,0.00025866626818000214,0.00014357959890391015,0.00020391641787975503,0.029284128265313035,0.0152436275302779,0.00022227359334285092,0.00024276843716625844,0.00016742385042253143,0.00023718323777488913,0.00020024852896590394,0.00038835215045408236,0.0004344610521420706,0.0001606186670598941,0.0019474134469451394,0.00031443093207981175,0.008742832488214947,0.00019761055903948815,0.00020957624252347583,0.0005253436848175587,0.0033157324490168715,0.0004583590495957118,0.0036229900220732213
1978,0.0020031038016682626,0.00031901114263811417,0.0005470433138819625,0.0004999248741509752,0.0002300765619722148,0.00025868642698139755,0.00018180128188109755,0.00021182130317082468,4.7082378325585216e-05,0.0001604314218381949,0.00033183768546646427,0.00016333322981523373,0.002129115883039622,0.00021722592491918522,0.16867697280631572,0.0002267228391952027,0.00047629439315234135,0.00029438778048514105,0.0008748500358495375,0.19372299808866306,0.00034651028405443087,0.16971480255195975,0.0002524304351542746,0.0002735517221026955,0.16114488032197896,0.0002025579160726805,0.005459016347022506,0.00040001191994598975,0.0002399672767333008,0.0006883651347605532,0.14597688986885615,0.000319344459280721,0.0002721562324638329,0.0001365046234370116,0.03802040505962952,0.00030168745934904917,0.00015581513476524013,0.00020531212684595887,0.00040231719168339807,0.00020461811068061848,0.0003252219769962908,0.00012567621056799904,0.00021104753019762193,5.266018316643311e-05,0.00014119589755469563,0.000220340572342003,0.00014235143301979757,0.0030889897668982874,0.03294986728966708,0.005313335369110727,0.00019026629890860492,0.00020660870766347046,0.00014236467935588792,0.0003337974217579619,0.00017545486584498628,0.00018915285265228468,0.00028832063418955743,0.00025076503576695923,0.0001709854719822061,0.00019613786510901902,0.0001456162659821693,0.0001381378419533272,0.014151604567351164,3.396233984656651e-05,0.000983940816584549,0.0002645310536064456,0.0009893050974941107,0.0004220850386420714,0.00023313011683659293,0.0002637513746613355,0.00020388188137474085,0.0002829259927561098,0.0004011721336050821,0.0017780684404348794,0.00011989012518162022,0.00012441709119000044,0.0002554240486983796,0.00012233129523544424,0.00025470323751439867,0.00014137981322093917,0.00020079221068041334,0.0002475379517085668,0.00024090429426481565,0.00021886813551964265,0.0020958071171016256,0.00016485874652224274,0.00023354934901434834,0.00019718051756024478,0.00038240219999423965,0.0004278046663490229,0.0006795355938900463,0.00025670819573701494,0.0019462813167436647,0.023941113551779802,0.004867587369319421,0.00020636532104636833,0.0005172948845330625,0.00017564197407344824,0.00045133652214288664,0.00023376609690777428
1979,0.0002142624877744775,0.04723899327288736,0.000633895156613425,0.0005792959137843584,0.01422025257360515,0.0002997570192047309,0.00021066513222278132,0.00024545131023482014,5.4557456100947944e-05,0.00018590246638819396,0.026191382535250166,0.00018926498261933667,0.00023588331125714106,0.00025171400180360864,0.07050206422486577,0.00026271870254590237,0.0021023190164355084,0.00034112653144676325,0.022156145314526043,0.11526187373091501,0.00040152431298381524,0.17560544259797858,0.0002925077889913367,0.0003169824167918979,0.0003272624666890941,0.00023471721283091094,0.0003091585410188229,0.003972382785508175,0.0002780659055815962,0.004494642659856712,0.24846142049835643,0.00156479912307946,0.0003153653709369526,0.00460276682728591,0.0001366417617227191,0.0003495851506442691,0.0038169493672192685,0.0002379086984503976,0.0015380112778282916,0.0002371044961602475,0.006582791896433175,0.00014562931153522,0.0034600141526594866,6.1020826337687826e-05,0.00016361299612359313,0.00025532314913394777,0.00016495199125619829,0.0020919070168549415,0.0002508862133449512,0.00014045881367477962,0.00022047410558600017,0.00023941113213254376,0.00016496734065922484,0.02499898208882891,0.00020331112151639687,0.00021918388199466832,0.00033409612900213735,0.0002905779809146099,0.00019813214016204428,0.0007623254636006665,0.00016873516847359918,0.00016006942546808314,0.0013498406545079372,3.9354402457132185e-05,0.00019189966105565242,0.0003065295734354791,0.016207123302035883,0.022315590746402898,0.011122980330881554,0.00030562610803430706,0.0014483834110653418,0.0218334105657641,0.03929639987793109,0.0002554291747277378,0.00013892459289759903,0.00014417028689299948,0.01422963436452882,0.00014175333759535553,0.0017381582127522354,0.00016382611133238274,0.00023267117357269004,0.011586743729863826,0.007296876888444138,0.00025361693950406755,0.010378119256346699,0.00019103269941135665,0.0002706290295732571,0.00022848606662054382,0.009003876036432708,0.0029926273318814085,0.014992035683859194,0.00029746471222892704,0.00035876961127133053,0.00035288932734102056,0.00022547611006574846,0.0014338827464274921,0.004409000938540316,0.0073720497906514595,0.0043325706351323755,0.002414519832439629
1980,0.0020677811282817544,0.00020927011709211948,0.00035885836903325777,0.00032794884870064145,0.00015092936461688685,0.00016969732911792173,0.00011926096133236096,0.012352923319343147,3.088586418547644e-05,0.00010524241302574473,0.0002176842812413129,0.00010714598821159093,0.00013353738307787425,0.00014249939474638733,0.1008228856599976,0.00014872933501155434,0.00754001358219727,0.00019311728356303135,0.020179251291006877,0.15252330141837628,0.03630608814429003,0.2520243790844658,0.0001655934218645083,0.007997100994770006,0.00018526861077354924,0.00013287723577276757,0.000175019683689392,0.00026240632422141173,0.00015741763652823144,0.00010954308813213635,0.13347150183918746,0.00020948877156370897,0.00017853347116362524,0.05374921208496732,7.735512606788521e-05,0.00019790584561123298,0.00010221414596176592,0.0023693515056111406,0.02169858061714164,0.0001342287157344615,0.02059778828702261,8.244312434910248e-05,0.0012036962111339083,3.4544883310984015e-05,9.262398099905571e-05,0.000144542591813044,9.338200794472414e-05,0.00118426262199009,0.0001420307702221562,7.951602132594003e-05,0.00012481398085978975,0.012601394707599809,9.33906974916838e-05,0.00021896986092293983,0.00011509773613588176,0.0017701907284365145,0.00018913725827241385,0.0014674429406950395,0.00011216583046868825,0.0001286657063390652,9.552372616392223e-05,0.005491226298649515,0.0001573921202695223,2.2279167986545384e-05,0.0001086375225713789,0.00017353138233644952,0.008342692291590077,0.037669027393873684,0.00015293248519357064,0.00017301991586291673,0.00013374575206187615,0.04642685019834273,0.015905840045110108,0.00014460261462795478,7.864747396429492e-05,8.161714674376544e-05,0.01971168744020837,8.024887239438668e-05,0.0001670843717169192,9.274462898863511e-05,0.004024686230436938,0.00016238397101243923,0.00015803231652627292,0.0001435766787616249,0.0034490295639570006,0.001173396541698687,0.00015320749993509453,0.00012934968244957866,0.0025300726333085566,0.00028063826197123387,0.00010375094232633053,0.00016839961681633405,0.00020310531831061693,0.00019977639383678532,0.00012764569703678562,0.00013537487920325426,0.00033934351058138715,0.0027783450290087223,0.0002960750714088646,0.00015334968574296344
1981,0.003577594925772851,0.00023588459886535857,0.0004044971332033,0.00036965661270238975,0.017374479776720565,0.0001912790367001143,0.00013442829016910619,0.0001566258241526879,3.481385582057349e-05,0.00011862689582799452,0.013232519856939483,0.00012077256323318022,0.03663491432131987,0.0036694847323754283,0.10853072298207363,0.00016764438237145755,0.002707916697545327,0.000885683444168998,0.008672599204204667,0.26390676900088605,0.0024637595398491665,0.16516370053844695,0.00018665320416510467,0.0012723659717570038,0.009105116320483999,0.00014977625039891225,0.0001972782758201451,0.0002957785439640721,0.0036863002410939404,0.00012347452068919284,0.10681412637839367,0.00023613106129888645,0.00020123893852907074,0.003154381397311374,0.0012171458748684663,0.0002230750460399715,0.0001152135008743055,0.0017569555422064962,0.0017404998957738429,0.00015129960840658147,0.00024047704086937492,0.0012707945658429116,0.00015605367759415645,3.8938220400923795e-05,0.00010440368126547285,0.0001629251790104928,0.00010525811229695989,0.03791814156879861,0.010221059367296411,8.96286820806866e-05,0.00014068752967216186,0.00015277150423731472,0.00010526790696009652,0.0002468179333252652,0.0023372770026737883,0.00013986422042547945,0.030016817276048116,0.0006155306566007014,0.0012005475054816966,0.0005751379978012609,0.027495916497329822,0.009769192674799983,0.036862653667525246,2.5112580222078902e-05,0.00012245378742820328,0.000195600695798182,0.020822584216166902,0.00031209994486021284,0.0006024909685712737,0.00019502418222033056,0.0062314875504877075,0.0002092023612653655,0.00029663643416602656,0.00016299283538597032,8.864967490639963e-05,9.199702369217678e-05,0.00018886675483975254,9.04547354260433e-05,0.00018833376951648333,0.02230295123011251,0.0027291239804029793,0.00018303558289487255,0.0007309243432105844,0.00016183642340677923,0.0008928364210073616,0.00012190056739479073,0.0001726920697877141,0.0001458000711327047,0.013842192356200588,0.0003163291767176503,0.00011694574338951561,0.00018981628439721808,0.0002289357754601377,0.00022518348619365763,0.0001438793768589377,0.00015259153825220617,0.0068191575223869915,0.00012987394814994717,0.00033372920330792855,0.0008889301306180011
1982,0.0008920621399369986,0.004704943281076788,0.0008794399854955455,0.0004094845247418455,0.0042199211153993,0.00021188801375316782,0.00014891199729754362,0.0001735011601621447,3.856480505218328e-05,0.00013140811334231165,0.0002718056331072392,0.00013378496138850734,0.0001667378679985354,0.00017792804324491247,0.14185496186791555,0.00018570689088765965,0.006314987341470336,0.0002411307110623077,0.0007165827700784728,0.14975786909747854,0.0002838238429827397,0.2298866343082255,0.014467150615413678,0.0002240640598405371,0.00023133067651485262,0.0001659135927904906,0.00021853362888747612,0.00032764661132001833,0.0017984949357149603,0.0008215954458952381,0.15553354933179298,0.007133467384913691,0.005995151714194461,0.00011180986132786328,0.0018220318735899098,0.0002471098204943706,0.00012762694897966513,0.00016816954513024213,0.0003295348412333469,0.00016760108195840683,0.0002663867584346466,0.00010294039368054408,0.00017286736881752432,0.005815364229961164,0.00011565244698791928,0.00018047922640385326,0.00011659893698113259,0.006845077501293481,0.00017734290781497482,9.928554508126837e-05,0.00015584562603591096,0.0001692315642601002,0.00011660978695065932,0.0002734108376598576,0.0001437136979355145,0.00015493361098190128,0.03401657054960443,0.00020539966463421191,0.00014005285264372013,0.00016065497963958745,0.00011927313593198891,0.00011314761774395323,0.0001965234451105196,2.78182849269332e-05,0.000135647325720227,0.0040445254098360394,0.0001400411659398596,0.00034572652889599463,0.00019095504151093068,0.014623787573207224,0.0001669980423358544,0.006395099141520488,0.00032859693318509285,0.00018055417228011902,0.0014678358768406695,0.00010190905892055033,0.00020921582541080257,0.0001002005998913621,0.00020862541465040355,0.00011580309086079163,0.00016446731741838605,0.000775414290089928,0.0024191446930378244,0.002598153494974741,0.00019580313360609478,0.0001350345001013324,0.00019129843128396848,0.00016150900804571603,0.11995407053566944,0.011880130823384514,0.00012954582849839606,0.0002102676601304032,0.02574973765108173,0.0002494454303133555,0.0001593813724108033,0.002587912538168535,0.007154310231794464,0.0001438669568109296,0.0003696861885142276,0.014437257302049849
1983,0.00023037910615250002,0.0003974646577567667,0.0006815761409842,0.0006228699955911667,0.0002866586452307,0.0003223044540583,0.00022651116097406666,0.0002639139218591,5.866121550739521e-05,0.00019988587121765562,0.0004134455962698,0.00020350131268760446,0.0002536262271952667,0.00027064768706796665,0.08760539736704132,0.00028248015082216665,0.0005934281367109667,0.0003667857412461667,0.008709153947113133,0.12650184916005547,0.008791247550602567,0.32450205172298313,0.00031450994371629996,0.00034082552949463336,0.00035187883486379997,0.00025237241596630004,0.00033241314930636663,0.0004983857289283333,0.00029898175571826664,0.00020805410079116157,0.12755413339113938,0.0003978799460259667,0.00033908685100483333,0.00017007482242759143,0.0001469198236973793,0.06463480925054584,0.000194134313618769,0.0002558039620664,0.0005012579296752334,0.004434699750826667,0.0004052029051802,0.00015658340836778044,0.0002629498570699333,6.561075424064531e-05,0.00017591980842469272,0.0002745283109913,0.0001773595214841319,0.03437872257233816,0.00026975763315713336,0.00015102399062824964,0.0002370579558851,0.00025741940736593335,0.00017737602545449333,0.00041588728500819997,0.0002186039886511112,0.00023567068291543332,0.0003592265186873667,0.0003124349773310333,0.00021303544929738994,0.0002443734998847,0.00018142726565535252,0.00017210969379059774,0.00029893329294120003,4.231460278191246e-05,0.00020633416910340898,0.00032958643330836666,0.00021301767256414082,0.008145041724664933,0.00029046315227416667,0.00032861501010813334,0.0002540219803398667,0.00035250518822433334,0.0004998312706769667,0.0002746423117283333,0.00014937436723892758,0.0001550146372944131,0.0003182397682388,0.00015241588739380846,0.09936635014968069,0.00017614895395464295,0.00025017247560173335,0.00030841426554576666,0.00030014921134189997,0.0002726937619131,0.00029783762168509995,0.00020540199543755348,0.000290985485045,0.00024567256892746666,0.0798918944650647,0.0005330134674639333,0.0001970531357113367,0.00031983972195516664,0.00038575591657633333,0.000379433323341,0.0002424362063338667,0.00025711616536106663,0.0006445117638838333,0.0002188371118811734,0.0005623324465195333,0.0002912555371396333
1984,0.0002552922508752,0.00044044639644925,0.00075528163157085,0.00069022701681915,0.000317657846651,0.00035715838522775003,0.00025100602697515,0.0002924535140097,6.50048261583393e-05,0.00022150148437301281,0.00045815551005870005,0.00022550789887034828,0.00028105331035880004,0.0002999154670737,0.047865899997987404,0.00031302749079694997,0.0006576013219416999,0.00040644986880745,0.025304969985934102,0.2416984606831959,0.00047841340174604996,0.15329495563197737,0.00034852097829054997,0.00037768232559605,0.00038993093292174997,0.0002796639122656,0.00036836023250635,0.00055228104955825,0.000331313575535,0.00023055302445539999,0.27399598476544534,0.0004409065938985,0.00037575562680545,0.00018846667547187638,0.00016280770038695904,0.00041652825423394997,0.0002151279546290304,0.0002834665449891,0.0005554638494479,0.00028250834360279997,0.0004490214562086,0.00017351630293008824,0.0002913851954711,7.270588644711664e-05,0.00019494373694003525,0.0003042157407953,0.0001965391402459352,0.0024924925333484,0.0002989291629331,0.00016735569100665484,0.00026269334991565,0.00028525668418,0.00019655742895194355,0.00046086124246805,0.00024224377481565,0.00026115605755910003,0.12243298700137495,0.048540418106179546,0.0002360730548687,0.000270799995198,0.0002010467693569123,0.00019072159736640247,0.0003312598720041,4.689049440939187e-05,0.00022864709974179998,0.0003652278360761,0.0002360533557635,0.0005827565542936,0.00032187377223040004,0.00036415136338949997,0.00028149186015945,0.0003906250199938,0.00055388291186645,0.00030434206954635,0.00016552767771502868,0.00017177788530572702,0.000352654145198,0.00016889810717534584,0.0003516589489617,0.0001951976622160885,0.0002772260708448,0.0003417661148537,0.00033260727954715,0.00030218280399235,0.0003300457151048,0.00022761412102539094,0.0003224525899496,0.00027223954527485,0.054765707457653495,0.00059065342395065,0.00021836241748617475,0.0003544271175494,0.0004274714746311,0.00042046515758535,0.0002686532031583,0.0002849206496529,0.0007142091210673,0.0002425021079394,0.0006231429508069,0.000322751845417
