0	1,12853	jake bitte elisabeth zeit brief zwei frau ossian yours sagen berlin liebe drei klaus lassen nämlich truly friedenau art leute jahr tag sabine dear leben herrn schreiben fast leipzig fragen abend tage bela herr weiss sehen haus vier gestern inzwischen grüssen seite stadt nächsten uhr kind post hand béla bekommen 
1	0,00387	name sprache namen gesprochenen eigenschaften träger johnsons johnson schriftsprache geschriebenen konventionen namensträger substanz geschriebene erklärung identifiziert prosa aspekt genauigkeit freud person texte intonation etc namens spezifische ding regeln unterschiedlichen zeichen gegenstand eigentümlichkeiten spezieller nouns erfaßt unterschiedliche sprechens zuordnung magische gemeinsamkeit logik ergibt schreibens nachtragen beispiele exakt feststellung spiel folgt schrift 
2	0,0228	verhalten begreifen verständlich reden vertrauen urteilen pausen ansicht cresspahl absicht fürchten anteilnahme rede erzogen rätsel misstrauen vermuten böse glaubte naja entdecken entstehen risiko handlungen umgangs feige mißtrauen unerträglich jung vermuteten kur ursachen verluste verletzt entfaltung ungeduld gegner feigheit behelfen geduld vorenthalten gewalt spott blickend verflucht geraten neuerdings urteil tür sogar 
3	0,00887	text mitunter mhd korrekturen musik vorwort namen bedenke musikalische bestätige signal boor anmerkungen folgenden einfügungen neuhochdeutschen tronege wissenschaftlich mittelhochdeutschen zeremoniell de auskommen öfters anschlägen hildebrant nhd philologischen schulden produziert frivol genitiv gestehen sifrit schreibung gespaltenen abgeschrieben sachliche erläuterung begriffe anliegend einwenden konstruktionen hierzu irrtümer teilst ausnahme eindeutige vorstellungswelt nachwort bartsch 
4	0,00975	leipziger tegel hausnummer baumgärtners assistenten königlich geheimnis bloch raddatz berufung demokratische prämie unkenntnis träumen kurs verschollen geschäftsverbindung ansprüchen logical communication harrah brote zenner tegeler verrate titeln schwartz ungebrochen theory psycholinguistic saporta jenkins fodor books hoke modernste swetlana älter leonow klebt selbstdarstellung gemeldet kambodschas akademie-mitglied intensität sowjetischer introduction dreiundzwanzig sonnig postboten 
5	0,01102	manfred lübeck bierwisch februar holland dach zusammentreffen thomas schwester jahrhunderts siegfried januarheft peirce codewechsel tragfähigen glücklicher telephonate nijmegen bestell-nr neumann greifswald loyal grossem lübecker bühne johnsons unbefangen bücherei madam vorlesungen fünften anvertrauen nachwort unwürdiger untersagt gefühlt vergangene volksschwänke bändchen interpretiert schleunigst geschieht reste erschienenen anthropologie strukturale levi-strauss side beurteilen vater 
6	0,0167	judith johanna alltag erwartung sprachwissenschaft roehler reichskanzlei edward entfernte prinzessin hügel wage strenge beschert ergibt monika geboten koczian grünwald baumgart bandes treuer hiddensee reste wohnt werke bürgerheimstrasse sodaß verborgt kaltem rückfragen zeitgeist piraten beiläufigen dtv schelm transformational carnap schemenhaft aufzuräumen verursacht nachr stürzt stätte schnörksel montsch peinlichkeit zentralinstitut arbeitsstelle aggressionstrieb 
7	0,0103	rückseite frl erwartungen di aug schlimmste beate zeibig italia bocca ingelore gibst braunschweig retten mutet umspringen verl ungewißheit präzedenzfall erfolgreich rückreise rezession gen ausländischen arzt od blattes leone merkbuch hl abgesch helenenstr glocken gr ueber empört mitkommen vorzulesen termine krankheit freundes abend beachtet eingestehe herauswählen juri begräbt lift unternahmen projektiert 
8	0,00916	adlershof norm wohnsitz intercontinental einkünfte ungeteilt früherer spanien verheiratet netz deutsch aufweisen verdorben bereitwilligkeit pass westfalen besuchsort aufenthaltsdauer beabsichtigte berlin-friedrichstrasse bhf gewünschter familienstand geburtsort geburtsdatum familienname polizeipräsident zimmertelefon eisen vorname zügig staatsangehörigkeit telefons ausstellende geschlagen vierte personalausweises malaga wetterbericht korb kasse erwähnten tuch anbieten richtungen mitarbeit langestege un angeschlossen abhörgrenze 
9	0,00328	schlüssel se heizt dunkelheit archiv kontakt eisler tatsächlich huhn ich’n notowicz stippte ditschen speise ausgebucht scharnhorst kaktus amseln möglicher anbringen mittagessens hauptmann eislers fraktion wissenschaftlichen aufstellt tags gewandhaus tafel seelischer verschlossen bequem mahler dor verbracht auswendig gibt’s č.s.s.r vorfällen weiterbildung marcher schaal-füllhaltertinte schnupfens wagenklassen knast fensterschlitze umdrängt tat’s vorbeifuhren fernseh-antennen 
10	0,01469	jake’s bereitschaft redet mögest grüsst abteilung minute empfohlen aufbau caspar slupianek maies missverständnis pflege bayern zwangslage zufrieden soziale beiseite bundesrepublik leibe nächtlichen übersende sanatorium märzes zurueck institutes standpunkt vermessung zuzeiten blaue angelegten bildend lieblich billigt stehende herausfinden takte gemeinwesen apparats weibe wohlgefallen nieren massgabe inhaltsverzeichnis reproduktion dunkle gesellschaftlich erfolgreichen reflex 
11	0,01338	waldgesicht bruder subjekts ozian wesen geschichte ozean persönlichen kammerbruder persönliches psychologischen interpretation d-zug ingrids teurer sieh verschwiegenheit adorf klarheit bye herrschaften psychologisch mailer anliegen eigenart verschwinden dame bilder mama bestimmten fassen allegro ausgekrochen börse weiterschreiben magdeburg ick salut kann’s überindividuell überantwortet gleichheit dosierung komplizierter brutale währen schicksals reflexionen geheim profil 
12	0,01033	enzensberger leningrad helbich sartre stierstrasse chrustschow niedstrasse schnurre trier copyright öffentlichkeit vigorelli marx richter litfin mayntz archiven pseudonym landkarte ministerpräsident sowjetunion leuchtturm nelke schriftstellern archive gebieten deutschland offiziell hw gruppe überschreiten positiven synthese faschistische erhöhen aufbaus würfelbecher singular dingläufe prognosen beichtvater reichsschrifttumskammer vorzimmer privatleben rohrpost postrohr obzwar lud schlagartig entrüstungen 
13	0,00529	vorgekommen egal s-bahn gesellschaftliche diskussion manuskripts vorworten kannte lektorat wahrhaftig dortigen reichsbahn volkes klemm begreifen subversives religiöser zitate country offensive government vorgeschoben riegel stünden lektorats zufriedenheit darß veröffentlichten verlagsleiter h.v vermasseln hosentasche konstruktionen bette ergangen falschliegenden richtigstellungen kalbskeule glacierte qualifikation mider verkehrt welterlebnis schreibweise werft children auffinden zeitschrift relativ reportage 
14	0,0121	baumgart projekt abs beitrag einzelhandlungen schlag absicht briefwechsel problematisch subjektiven experiment beiliegenden verhalten freundschaft versuchspersonen gram getilgt berücksichtigen äußeren prämisse verwandtschaft unterlaufen brd persönlich-private geschäft jahrestage verschlagen blatt brauche verdorben staaten satz prinzipienlosigkeit festegestellt bekundungen versuchsperson tics presso verzwicktheit holländischen briefromans fahrlässige irgendeine verstündest unverdrossen informieren starrsinn zurückgegebenen umgibt gekennzeichnet 
15	0,00598	stop vorweisen wohlauf bill cyril scuttledutch joan geheim templin achtung grau usa straßenbahn sendet code zutritt reim unsre morgan biers konzentration haufen versäumnisse zwecks zählt referenzen ablauf nelke board allied have verlängern blau alive fernseheinschätzung bürgen studienjahres vergnügungsreisen pistolenserenade arbeitszwecken gottesnaam wossidlo zimmermannswerk baumgarten erfüllet erlebnisbuch beklemmend klemperer zuzug diskussionsbeiträge 
16	0,04998	sabine klaus herzlichst soeben montag nochmals grumach herzlich gruß sodann fräulein lisaweta donnerstag weimar pankow hiermit mutter bohle schmidt schwede freundlicher akademie genossen abermals ozean dr freitag sowohl weigel heiser hart genosse fort angewiesen einstellung walter brecht bertolt euere ives adressaten verzeih brach belan tavi plenum leb zunge pankoff gegrüßt 
17	0,00609	new school program delhi courses alvin university social business art arts activities educational research anm lania geboren hart identifiziert erfinder briefwechsel fischer gestorben charles problems york doctor offered exhibitions sculpture painting artists includes non-credit academic adults languages sciences basis term postalische entnahmen economics leiter hg weimarer leo gründer science politische 
18	0,01777	adlershofer programm kanal ostdeutschen zürich ostdeutsche umgebung tagesspiegel prag strauß rezensionen fernsehen besprechung produktion information zeitung programms kunden richtung sendung wohnungen langeweile westberlin bz kloten konsumenten verhältnisse ankündigung haltungen trifft vertreten kenntnis pharmakologie journalismus tageszeitung seebohm adlershof schreibmaschinenpapier arbeitsmöglichkeiten veranstalter zusammenfassung delegation wirkliches absicht bbc besorgen veränderungen abonnenten instanz überall 
19	0,01107	dahmeshöved hildebrandt leuchtturm johanna wellen kloster biographie batterie kühlungsborn wind eilbote bio leuchtfeuer besuchserlaubnis wismar circles zigaretten begrüßung gebrauchsanweisung priesel analyse fahrrad suhrkamps tabak ostwind welle hergestellt publicity gemütsleben ynold azorenhoch gefiel bessin pfiffe bibliographie authentischer deutschlandsenders verwunderung zurückschicken übernachtung versuchs erläuterung planen besichtigt naivität ausgehändigt strand passt werckmeister aspekts 
20	0,00285	nichd olimpiade zitat dirfen blauen eh erachten stattsapparat eibuße jezd olimpischen geschlächd machd minchen schbäzi filser stile schpühle heidere nix ister nennet tests hager mon dudow aufrührerisch fähnchen klammer missen statistischer veröffentlicht hiroshima stören hölderlin endet max münchner wand verständlich bloß mut d.o ehrenmann wackerer halsstarrigkeit bereinigen errata gesunde konstruiere 
21	0,00997	anblick herzliches echo raum baum mahler tiefer salzknabe qua applizieren unverwüstlicher ungeheuerliche lebensjahr din zueinander geburtstage laufzeit abholt kreuz staunen element gemessen qualität begibt nyc überraschung auftakt festlichen hättest propagandisten freiberuflichen dynamische bauchschmerzen perçeptibilität wiesenfarben indianischen nachfarben ablick notare decisionsformierenden implizite reservereifen quittieren reverentest unterdrückend unglauben miniorenne plaçieren vertrauensvollste beschlich 
22	0,01102	jederzeit schwierigkeit überlegung mögliche knappe galosch ost erkundigung sachen greifbaren trauriges aufführen praktikabel erlebnis unterziehen pritt kommentarlos quatsch solls versa vice täusche prosecution löcher wirklichen abschließend verbalen wüste komplex befindest verabschiedung schwächen oratorischen kneipengeschichte eindeutige textes fünfundzwanzig partiz spießers begierig klug eingeschriebenen nr ungeheure hilft vollständigkeit wegtun unerbeten satzmelodie leichtfertigkeit 
23	0,007	korr erg schrieb dunkelte empfindet str kästen helene begriffe herab herausgeber ehrwürdigen elde hineingehen anhöben nebelgesichtern verehren fromme perle formale klären leopoldina ingenieur revanchieren unverzügliche pauls bearbeiter vormals briketts gipfelkonferenz oftmals tinte wörterbuch ewig bb streicht dringlich betz zweier verfasser auflage lebe verhinderte bildern kennedys anhängern entwurzelten glück sowohl einst 
24	0,01156	kassel bambus konrad ulm maria krummer steinhäuser ausführung autorität gnädige unsinn lebende krafti amtlichen gefasst vorstellungen notieren bedeutungsfeld angebot ziehen nutzt südlich-östlicher geflüchtet schnapps schnipps verlangst archivbeständen breitspurig zeitebenen jammer agiert magdeburger altweibersommers defa schrankenloser hörweite bauanweisung wandzier kenntlicher feuersignalen zentralhotel vereinsgruss fernöstlicher grundsätzliche slogan schwingende liebig ausdrucksgruppen lagerung wachsende 
25	0,00886	krankenhaus harcourt brace umarme print jäckel teils krank begleitet geburtstage logic steige jakobson bribritte gesamtdeutsche kunert arkadien inc husten wozzek bedarf out richten bunges einflugschneise buchhandlungen supplement mächtige quine russel reichenbach roberts promotion außerordentlichen nachlese wiley structure writer kommentaren ahne bieler ungerechte study j.s thinking windloch methodology congress mdn verwirrung 
26	0,0072	straße bank vorbei alte halle hauptstraße stufen falschen frisch vetter irgendwann unten straffziehen windmühle kellnerin kröpelin brötchen schalter schlips gärten bedienung überall hieß schöne potsdam lauter butter seitlich rande minuten knoten vstehsu durchziehen hyazinthen abbiegend kaufhäuser bützower hügels sehend schienenersatzverkehr bahnbeamten pferdefuhrwerke doberan feiertag ansässige min taxe absolviert gebauten schuldbewusstsein 
27	0,0051	erich israel arabischen magie ländern parteinahme israels arabische hagen türigkeit kombiwagen ermöglichen testament aufregung heft kräftig weihnachtsbaum betrachtungsalgorithmus auszukommen antisemitismus arabern zionismus israelische arabischer blockade israelis irritierte sieges verwickelt provokation eingesehen strahlt schwitze einmalig jungens sieieieg tatbestand transportbewegung erraten anstellt bar-hillel yehoshua eigenmoment eindeutigkeit erfüllen militärisch drittel zuflucht schienen unternehmen 
28	0,00834	dirigiert kenntnis innsbruck wundersame kurieren verdoppelung gebaren bereiten professionellen irgendwelchen bester messestadt inhaltlich adjektiven lehren bündeln repariert aufgestellt offenem zeitlich derzeit anfängt gemsen lebensqualität garantieren erholung küche paket festum szigliget frühjahrsschau triftigen regentropfen volumen milliarden genetischen atemberaubend lebewesens chemische organismen unzahl molekulargenetik biophysik überzusetzen zusatzspaß zusammengelesen psychologen jetz grenzgebiete drosseln 
29	0,00294	ball pitcher batter piano field india keule platte weissen weller inning hit base outer foreigners japanischen belgium catcher umpire spielfeld knien endete japan liess rags rag ragtime collection gottschalk outs lahm nationalhymne matte three einheimischen schlicht stadiums erhobenen synoptisch synchron simultan egypt umsitzenden miss brust fing leere schwang haltungen baelle 
30	0,00401	katze kümmern betrifft seitenschwester oberschule seitwärts sprachen-meyer silber üblich vorhanden erziehung holen sonne eingangshalle visite chefstation stationsschwester unschnelle anvertraut schülerin biest lady aufziehen direktive schrebergarten interpreten bachgeschichte fixum frl vorschreiben optimismus präsidentin boote qualifikationsperspektive medingen empor wild gen finster hinaus angenommene lauten bahnhöfe lippen gewinn internationalen ball klinik durchs streng 
31	0,00955	charlie joe seaview sheerness col charlies al reden ron cheerio martha gefälligkeit anreden hunde weswegen wahrhaftig anteil studienrätin sheppey fünfer umsteigen nichs weges flut erich gangschaltung niemals jugoslawien gibbons linda right trouble voraussetzen seeing gnädige unterkiefer liguster passe gentleman unbekannte tieren dictionary sprüchen victoria heide schafskopf unterhalb urheber gericht vorliebe 
32	0,00778	mr shoelman gründe lass scheek bemerkungen leningrad jugendlichen dublin ye knew johnny schreibscheu hardly rezensenten grabstein psychologie kritiker nyc lederjacke schoelman schwester gewissens grade magnus moskauer beansprucht ausgeschlossenen schwanke entgegennehmen tüchtig gelbe himself messages gehirn express american unterschieds klatschen nachzuliefern privatpost mutest schillersch beschuldigung sandtest regierungskrankenhaus care vietnamkrieg derzeitiges weltlage 
33	0,01196	charles sheerness insel kriegt lore brot sheppey sächsischen isle streik pfund britische schokolade jubilar regint gegrüsst steilküste tafel künste vlissingen land james blick dresden schiessen ausrechnen legal hauptpostamte erwerb schliesse theke pennies stoff anderswo zählt briten kunert aufräumen beflissen kirsch sarah ideologischen runde wohne nachzutragen hing london gezogen englischen town 
34	0,00873	béla jake bélas klemm mrs jan frau doherty leipzig sohn zimmer ine genosse d.d.r bebel-strasse strassenbahn könne offenbar hielt benutzt hose republik wusste vater jans stadtrat ives trauma bestand miete schönefeld hingegen bringt kapitalistischen rowohlt brockhaus verabschiede rade c.s.s.r taube jaeckel schneider genossin ostbahnhof wortes plan bart müsse küche pünktlich 
35	0,01929	herr herrn johnson verehrter baumgärtner reimann bitten geehrter unseren unseres sennerin bergen beauftragt gestatten hiermit macheath künftig anweisung verabschieden empfehlungen versichert wissenschaftlicher erkennen hølmebakk anstalt allenfalls begeben angelegenheit vermutung urteil dankes rhymster breslau münzer ansetzen unterbringung edom backen gebote verehrlicher quittung erhalt sachwalters aussprechen arbeitsstelle strukturelle begründeten kälber sinnvollen herab 
36	0,00798	studenten veranstaltern programm professor eingelassen vortrag tagung germanistentagung praktischen wissenschaftliche germanistik expedieren beglückwünschen vertreter unterschiede wege brot stuttgart unterhaltungen pflichtmässigen unpassende abzuwickeln minderheit germanisten internen borck weddinger studentischen mehrheit autoren böll anhang allgäu scheidegg buflingsried lindenhof erlöser wilhelm billigten verwehrt kunowice wissenschaftlichen zusammengeholt professoren fussball schliesse geplante probleme ausläufer quick 
37	0,01171	bodensee absender ruhr kamen james darmstadt koeppen kahlen sab angesehenen gewinn madame unsern friedrichshafen rand and sätze wohung witten voraussetzt büchner angora eiche scheems wiesbaden verborgenen vergnügt vergleiche parallelen schlimmen römischen trieben angebotene hinwies diskutieren rauschen schlimme okt schnellzug fuhren öfters nd lagen holte föhn uetikon zürich dreiviertelstunde ritt bischoffinger 
38	0,00863	himmel erzähler erzählung meint bäumen weyrauch regierung ulysses welch wasser technik faulkner erzählt sommerfeld titel inneren wolke einwände fiktion tavi technischer hinten metaphysik hemingway denkt schlechte bemerkt monolog wind leihbibliothek däubler verfremdung schiedsrichter wahlen zweckmässig sternchen erzählenden fallada sonnenbrand unterlaufen pfingsten solch lebensweise kindheit gleichgültig sartres techniken optik tradition kreis 
39	0,00826	haus hinten schwägerin grass dach mahler wien symphonie küche strasse operator spd unermüdlich robbe-grillet adel schwarz schlafzimmer ersichtlich cdu umher stierstrasse kamen zeitung kautabak eight sylvia schwelle glasgow schickten anvertraut kriminalromane wa umerh summe makler apfelbäumen jüdischen atlas setzt gesichtspunkt hi bettler geschnitten feier unbefangen schottland adlershof hemd bunten interessiert 
40	0,01273	heinrich schlittgen glaubten beiliegende k.b verheiratet tante plus vierzig beamte the zitieren cotton jerry toten fortschrittlichen unzufrieden hansestadt lehnt abtnaundorf kleinstadt martin neuauflage fussboden mitnehmen heidi gedeiht gewandt romeo julia papa tapfer fabrik max gleichsam berufliche kündigt deutschen h.d.r.-berlin külz-strasse nachttisch pflichterfüllung überleg armia verbindungsmann zerfallen intuition sergeant justizirrtümer verkörperung 
41	0,00596	lachen wolff gibts nachricht plaste beliebiges gewirkt belang falle fuß postscheckamt stiess eigenhändigen ausweicht fehlende usf frohes schlossen gehaltenen fleck irgendwas ausgebaut gourmand teste untersten kragen riese soul durchführen mathematik stören honorar gottlob etwaigen bangen näher klotz literaturwissenschaft eilt german erstanden tasche diesmal stunde unnötig teils nebel hinein f.f beidseitiger 
42	0,01012	wiens neues karschs jacke ostdeutschen kant enthielt tante passierschein regens landmann botschaften jahrbuch weimarer rostocker communiqué sozialismus eich bäume deutschlandsender folge versprechungen striptease mhz kulturprominenz nedschma yacine jahreskalender wegwohin schriftstellerverbandes marleen lili ausstrahlen sfb geiste abgelenkt übereinstimmend verleihung verwöhnst witze breslauer lauterplatz dgb auffassen bettag golden quasi lpg onkel lizenz 
43	0,00824	euerer nieder freitagabend eueren gummiring nadelbrücke lege nachzählen atelierspiel kabinettstücke zweckmäßigen schlangenkönigin bes velten anforderungen eifrige renoviert mathematik abhalten budapest heidi skizzieren mond entlassen diensten schwarzem strafe euere halterung ledig eingelegt tonarm nadel pinsel handschreiben schadlos rulebook leidtragende papieres ledermöbel schultzes zwischenschieben febr intakter ostblocks erdulden bedrohlichem näherte flirtete piroschka 
44	0,00852	unnötig höhen entwicklung brauchbar wahren planmässig klasse spiel räumen sitz katmandu süd stätte reich ziel zog begab herrscht gymnasium topologische beifahrer völkerschlacht terrorbomber exkursion erteilt strassenseite abfall i.-kind erzielen turm zentralbibliothek institute konfidenzen zahlreichen wettkampf schmerzlich bedürfnis kreisenden beschäftigten geiste teppich windjacke ge entfernten milder gewissenhaft früherer führten angebrachte dritter 
45	0,01189	ddr richters weitergeben zurückweisung magazin ministers anfordern anstoss suite aufwachen festen formulierungen fischer drucksache forster tschuldige oberstufe niederlassung seinetwegen westpresse sechshundert apostel hamm gesetze schmeissen marxismus biermann geschenkverordnung taschenbuch lyrische bergs verwirren aufenthaltes beweise dankt prospekte grüss tricks may bornholm einreise segnungen restaurants suhrkamps beschreibe nächster chronik richten unerwünscht hauptstadt 
46	0,00831	drachen entwicklung eingetroffen aufführung selbstbefriedigung briefroman talks barbier erben verantwortung erschiene d.j projekt stück zeug wünscht überbau cum lüfte sine hochhut mitschuld westdeutschlands refaschisierung ästhetischer vollversammlung lokalzeitungen sprachwissenschaft verträge annimmst aufgezogen limitation strategic befürworter erlasse umzüge klassikers honoratioren belagert drak sistieren ehedem differenzen taktik forderung arms allerlei aufgibt fritzchen stückes 
47	0,00787	bloch thomas fachbereichs brasch havemann frank weigl ost-berliner witwe rosita berthold prozess instituts philosophie cssr gefängnis begann professor kontakte auszudrücken s.e.d sandra wyborowa tüte gaben c.s.s.r protestaktionen hunzinger haft dubcek stadtgericht robert florian besetzung professors wiederholt ebenfalls august dutschke feinden meinungsverschiedenheiten f.a.z trauerfeier fett fahrgäste subjektive dis bert biermann verurteilt 
48	0,0064	kunst kommata vergnügen pd karsch nase spreche firma brille gruss optiker zwecke intonation bergleute glaskanzel redundanz bügellänge vorsprechen hypothesen bügel carlton maße belehrung unterschied hintertreiben komponenten lengede biologie verstehens thaeter spatien zusammengehörigkeit metall approximativ gläser postbeamte unvorsichtig plausibel metzler gottschalk befreiten kaffeemühle bereiten geräusch rettung angedrohten widmen berühmten gib risiko 
49	0,01419	fuer ueber wuerde koennen usa haette waere ostdeutschen westberlin ueberhaupt naemlich nyc gewiss puppe wuenschen waehrend buecher koennte hiesigen regierung haettest gespraech moeglich wuerden tatsaechlich boston meisten gruesse ostdeutsche verhaeltnisse naechsten ostdeutschland muesste vii darueber vierzehn cambm moechte spaeter anfangen herrschaft muessen sowjetunion mass haelt aktionen ungefaehr kruen frueher nannte 
50	0,01095	faulkner entsteht freiheit desiderata bereich ursache madame raketen sartre finalität besserung hierselbst waffen kausalität sommerfelder lücke faulkners grund beobachtungen erschreckenden lückenlosigkeit atombomben modeln zeitablauf undurchdringliche ganzheit gestimmtheit printemps naturseidenen ahnungslosigkeit anschlag blauen gedankenexperimente überbrücken adorf unbeantwortete räumlichen entlassung angezeigt übergebe entrissen gedicht schlips betrieben gemahl pathos stärke bestritten enthüllt musikalischen 
51	0,01138	musik martha music fassung alice gefunden benjamin songs wonderland scholem zeitschrift plan cambridge übersetzung mahler film zentrum engel ort old ealing thinking noten copland op modern vitrola denham let’s momentan peters ives mahlers lpz üblichen béla glaubt just titel herzlichst doerflichen sinfonie cooke vox sohnes revision faber meaning objects motion 
52	0,00694	massnahmen sowjetischen grenzverletzer presse-abteilung amerikanischen tribune jagdflugzeug ministeriums landung attentat typ gewehr marie geschossen signale auswärtige ca reagierte angelegenheiten polnischen berechtigten draußen körber provokatorische erforderlichen streitkräfte geleistet kampfflugzeug partitur luftwaffe tschechow erschossen präsident militärischen passierscheine onkel ungläubig kennedy zugegeben kürze setzen schüsse alltäglichen behörde flugzeug rängen festgelegte konflikt präparierten drinnen 
53	0,00637	karsch rahmen politik karschs unglück widerstand empfehle seiten hallstein-doktrin staatstheorie biographie genügend achim brauchte hamburg hallstein getreu leute-schicksale beschränktheit reporters beherbergungswesens erprobung teilung landdachboden proportionen verlängerung lernt unberaten motiven dokument vernachlässigung liste staat radrennfahrer schallplatten umzug herrschende finde gelernt wiedervereinigung sieht reise september-schriftstellerkongreß feilens verunglückten ullsteinberlinerzeitung biographischem vorteilhaft erloschen keiten 
54	0,00984	de geholt cresspahl pause angesicht taufrisch sarajevo erlangen kommunist grippe längeren hinterher enge verlangte stellung spielt kv veilchen tirol bela-band leider china sozialistisches hemde feuchte premiere kriminalspiel bonner si entschluß wagner entsprechendem ausländer schuss tuns quasi aufgeregt feind vorfreude wild läden aufträge inserat jugoslawische messer neige übertrieben genügend nachwort bündel 
55	0,00185	jan kapitalistische ofen geträumt eberhardt frühlung bewusst feder fieber dch mappe erläuterte turms p.a stadtbezirk klassenfeind cf infektion entwickelten tieflandsbucht ebenen wesentlichen fernglas abr berechnungen weisser n.s.w dn traum wahrhaftig friedrich parka nettesten waar klagend aufenthaltsgenehmigung probstheida dösen mengen umhang ostplatz verderben hänicher hbf angehörige grundriss jugendfreund schaufel eingeklemmt statischen 
56	0,03963	the of and to you is are yellow for it that not on have with be we by as this my or our from but your at new do me they here there he would york which letter like one has all who had if what because us about been 
57	0,45757	ossian brief grüße weiß sagen zeit bela frage bürgerheim eigentlich genau jedenfalls jake lassen heißt läßt herzlich alter klaus zwei letzten bitte sicher james stelle liegt grüßen schreiben geschichte jakob freund nämlich weise weißt text schreibe meinung müßte glaube woche ddr freilich herrn welt elisabeth mußte sehen einfach sehe menschen 
58	0,00854	bäume nachbarn dobs katz verständigen brauch feuerbachthese generös friedenauer arabischen verglichen gewandt geliebt sprache freundschaft gehören meissner freihändig kanadische bariton fordern angetroffen dc wilhelm brüsk ahorn indianer speck bratkartoffeln ones belonging belongs belong gedächtnisses bartender reisende gemeinde elefant galerie bezahlt grossmutter geliehen tee elfte faul hosen rundschreiben schulfreunde zweier notfall 
59	0,00843	nachmittags formen schlichten augsburg marburg schnell bahnsteig obrigkeit gedser folgend krisen häute formalismen moskau staatsorganen einsteigen leibesvisitation grundsätzlicher dreiundzwanzig veränderte deckel weisses accademia nervös verabredeten formel maschinengewehr steinbeck kümmert vorliege interzonenzug bestiegen verständigung vertauscht reffs gegenseitigen aussteigen aufmunterung heil plan argumenten verbreitet anonymität einschätzung reagiert sogenannte aufgefordert möglichen gegenstände fehler 
60	0,01513	marine parade england bb kent me sheerness sendung tughra regierung wünschte tugra unterschrift schornstein zunehmend würdig fühlte inhalts hermlin silber gesichert begegnung gedenkt amtes enthoben braun vorschrift junger schriftstellertreffens protokolle jugoslawien schaffen zitieren übermitteln haltung singspiel hooray entziffern empfahl alexanderplatzes kgl vorgetäuschter lesende abwesend begrüsst entziehen überm tintenfisch klage höflichkeit 
61	0,01396	uta see bützow rheinsberg güstrow seen neustrelitz boote strecke fahrt plau vorteile nachteile kanal müritz zeltplatz iv ad zelt blatt glaubte nebel stark angekommen geben bolter babke dose mirow mildenitz gelände ii liebster innen stantibus sic rebus erfurt ufer ermutigt entlang streifen wald langweilig solltet überlaufen fahren freitag sonntag wunsch 
62	0,00854	lore regnet haut mangel dresden auto läuft see in’s heide steigen unschuldiger umarmt lores zeug migof-schultze idylle scotch kartoffelsalat isn’t findling dübener deadline schwiegervater weihnachtsbrief jäger arglos klarer beruhigend wäsche feines apo pop gebrauch sächsische voller malen hängt endlosen du’s katalog ungewöhnlich koffern unverschämt klassischen karton verbrechen angelegenheit schwierige symbolisch 
63	0,01084	tabak offensichtlich belgrad morgner weltkrieg gramm jahrhundert phasen vietnam halle winkel versehen telegramm eingang unterbreite ist/ist monologe imprägnierungsmittel irmtraud zazie dulden einteilung signal konstatierte vorvorigen positionen schaffnergeschichte affinität sofia hundejahren eingetroffene intellektuelle ist’s dresdner hiddenseer linguisten morris übriggeblieben türe wolff verweist fällt spandauer quader sonderbaren boston autobahn bildern bergschicker erörterung 
64	0,00872	vermutung zeitungen konrad engel provinzpresse frühlung schloß wohlgefällig lorenz irgendwie arme freundes erführe vorstellung oo unterbindung schwebezustand wirksame kopfjäger bbs republikflucht maßnahmen subtil tierisches meldewesen dieterich’schen lübke unvermutete menschliches uneingeschränkt elisabethen angehörigen auswählen plumpe privatwohnung bedeutendes langwierigen bedurfte stucki fürderhin verhandlungen friedensvertrag stattfinden ost archiv entbietet ungefähre marsch müller cousine 
65	0,00747	seele nachtschwester grete performance poem kapitel dienst gäbe allgemein feri symphony hemd bliebe vorzüglich satz misere gyorgy bacsi erlitt lateiner röchelnde bettlägerigkeit magy farkas empfindsamkeit schweigsam nachtdienst zitaten empfand kurzum geschäft kneipenkatzenjammer nen krankenschwester öffentliche verkauft psychosenblatt ungut alkoholgespenster rempeln überschuß möbel ungarn behauptungen dreieinhalb vorteil irrtum vorher jerusalem gestrafte 
66	0,01507	new york riverside east drive river avenue manhattan island amerikanische blocks quadratmeter broadway yorker office park times strasse n.y deutschen lesebuch hudson chomsky frankreich brigittes katharina ddr facing überlegenheit vorplatz entsinnen department nachbarschaft day norden brace wolff university school luftpost empfiehlt spielplatz fahrstuhl washington zweiter delle room pflanzen kieling flächenangaben 
67	0,00784	eich abschluß tagebuch arg zahl klinge vernichte ökonomische tang tagesstund vorwände abgesetzt geworben kissenschlacht ig enzian hinfahren schauer jenseitige inmitten gehts sabinens übergebe vernachlässigung weltstelle diesmalnochnichtsein volkszeitung billiger trends bundesbahn schriftverkehr ungeduld probe erneuten zuständigen wachsen beniwand nationale regen lieben freunde konkretisieren stete verleumder patent linnéstr westwaren empfehlt biederbarten zugebunden 
68	0,00728	strauss radio nich laute morgenzeitung versteh norddeich danken schön gelben zumindestens mutschke stattfand whisky kindergärtnerin eisschrank mediale betrunkenen flughäfen hehe begabung white bürgerliche münzsammler herbsttagung wochenenden sowas programm mikrofon rügen jaa lehmbeck einwohner neu sofort maler anruft fr englischkurs nehrus komisch kostenloses amüsant kennenlernen schreie äußert vorhandensein arbeitszimmer emotionen becher 
69	0,00195	milano übergebe fun übergebs landsberg kaffee zwölf neunzehn lauf intellektuellen trinken loyalität gebet treppenhaus bewenden irrsinnig einfer karel befragte erledigten bonmots bitterlich agip bologna naxosfaden gelb frühmorgens virtuosen durchdrang suchten firenze schriftzeichen apotheker kannten nymphenburg martin wiess eva geschwindigkeit fiat erwarb lech kilometern zoll papiers komm telefoniert gemsen grundsätzlich walser 
70	0,00684	verdammt beifügen erichson grundmechanismus traktat nibelungen formulierte motto welch erstaunen zumal angelegen revelge plerem zwischenfälle verkäufer margôt unterworfen hälst herzliches augustes socialism-effektes gewandten anfälligen bobecks karlchen socialism-effekts eingeständings socialism verhältst grämt abrede spielraum menschliches vermagst ginkrug harmlos friseur unangenehm zuzugestehen drang sachliche essays schneidet schreck geburtstages niveau persönlichkeit schwächen gestehe 
71	0,0105	apparat technik konzeption person tu dämmerung kräften zwirn partheylichkeit relativität schritten frühe höhen sozialen atmosphäre genosse indischen verschränkt nacheinander waschen konnex verbotenen elternhaus grundsatz wohlgefallen diss motiven nächstens utinam begeistert waldprogramm fortzusetzen ausrichtung totalvision wissenschaftliche vereinzelte front konkreten sozial persönlicher dranske blickte gegenentwurf ermöglicht leichtem sonnenbrille individuell bestandteile haig schlaf 
72	0,00816	sprich v.u victoria reden zahn durst verschweigt halb ordinär platonisch platon reg kriegst subjektivität ha krankengymnastik stichhaltig reflexivpronomen sachlichkeit augenfarbe schatten appetit deutlichkeit wurst distanz syntaktisch verb unterbrechen durchgehen nich ausstellung vorwort bittest madames gefragt ungeheuren busen freilich reine gesondert bekommt hurtig flüchtigen kiep doppelbedeutung witzbolde herzgeschichte glückwunschartikel schmausen replik 
73	0,00894	wochenende düsseldorf neuss minister nov magazin münchner strauss ähnliche respektieren aktion häufiger pardon gesund mörder bestätigt verhaftung mache respekt kay mittelstreckenraketen fdp artikels ahlers anzeigende meinungsäusserung verhaftungen proteste frankiert doppelbrief auffordere angeklagten justiz geschenksendung erwähnten verzeih grüss missverstanden bundesbahn bundestag vorgehen offensichtlich einklage hineinpassen gemessen vornherein legst plänen stöhnen vorbeifahren 
74	0,01899	ine mutter grüße jan diplomarbeit herzliche male esztergom üblich schüler klasse entschuldigung radio musik weimar käthe sellenthin dessau osjan musikern wunderbar vorlesungen geschafft musiklehrer berka vorübergehende bad mitbringen prüfungen machten fontane ordentlichen evangelisch friseur vertrauter verlobt lettau natura testen anknüpfungspunkte fam engländer damensprung merck goethes lindenauer beckenrand kneipen ruhiger schloß 
75	0,01102	tramp zweideutigkeit ebel melodie arg gertrud komplett iii eibsee scheck demokratische stils jänner neuss erlaubt intransigenz beilage wisbyer goedeke vorausgreifende keit januars ossians bosheit überweisung summe phonetik bänder beleg rücksicht erbeten hinbezüglich mythologie griechischen diri märkl völliger klassischer linke allseitiger wank gestalten regenhaut staunen karwendel grainau leisen zugspitze häufen kalender 
76	0,00457	francisco oxford san charlottesville orleans falkner mississippi zumeist schaetze heinz karlsbader sachwalter harvard square washington cambridge beinah oh aufmerksam blechtrommel blick seht leises yard monticello buechern separierten hall county pazifik wahnes fluegeln rundblick abseits tauben avenue enzian vermittelten ausfallenden dissoziation ehrten begütigend hennigsdorf saloppe bay freundlichkeiten praesident dachkammer superstition omnibus 
77	0,0078	grabstein friedhof johannas efeu vögel geheim hausrune blumen weisen zugvögel kriegsrat gießen ansichtskarte burg beckermanns bulgarien ahornblätter auslegung überprüfen runden besitz kloster exkurs witwe thun höher hübsches stürmische heißen mitbauer berufsbild achtfachen stein gegenteils spuren wasser teils unfertig bestimmten tod eigentlich lakonisch möbelwerkstätten dichterischen wegbleiben abstürzen abrechnen abplatzen bräune bilderbuchmond 
78	0,00753	vielmals zweideutig manuskript porto tremper richtiges syntaktisch aufgefallen stil rechn pfeifen mehrmals subtilität beamten korrekturen habs angängig kundgabe entwürfe autobahngebühren draht anschluß distanzlos ihresgleichen weststadt städte liniennetze vokabular zugriff promiskuität reporterhaft kurzdarstellung beitragen durchgesetzt mulligan äußerungen ordner besonnen scheuen langes fritz verteilung trennung brechte lettern tonarms verworrene paddelns lagernd gesäß 
79	0,00992	kirche welt tod gottes sterben gesellschaft laxness individuum mensch persönliche aussen erde diskussion d.d.r menschen wesen körperschaft individuums mord gedicht individuellen probleme öffentlichen menschlichen evangelischen freiheit reaktion gott rechts einzelnen lebens beerdigungen francisco sorbas alexis anpassung interessanten vernünftig kiljan halldor dimensionen zwickau konkreten kennst zählt san berechtigt pflicht bürger existenz 
