0,judith-johanna-dahmeshöved (0)
1,baumgart-projekt-verständlich (1)
2,seht-reimann-ausführung (2)
3,béla-bélas-jan (3)
4,text-sprache-adlershofer (4)
5,fuer-ueber-wuerde (5)
6,name-namen-träger (6)
7,kirche-bäume-lore (7)
8,grüße-weiß-ossian (8)
9,neuss-massnahmen-wiens (9)
10,himmel-see-faulkner (10)
11,enzensberger-leningrad-teils (11)
12,bodensee-tramp-absender (12)
13,sheerness-charlie-bloss (13)
14,sabine-klaus-herzlichst (14)
15,korr-erg-bloch (15)
16,jake-zeit-bitte (16)
17,the-of-and (17)
18,york-new-straße (18)
19,karsch-erich-drachen (19)
