receiver_norm,0,1,2,3,4,5,6,7,8,9,10,11,12,13,14,15,16,17,18,19,20,21,22,23,24,25,26,27,28,29,30,31,32,33,34,35,36,37,38,39,40,41,42,43,44,45,46,47,48,49,50,51,52,53,54,55,56,57,58,59,60,61,62,63,64,65,66,67,68,69,70,71,72,73,74,75,76,77,78,79,80,81,82,83,84,85,86,87,88,89,90,91,92,93,94,95,96,97,98,99
BaumannSabine,0.00015812245332,9.972707563987784e-05,6.566628806364479e-05,0.0477258316469853,5.7320257062201366e-05,4.971349482038977e-05,8.355307280825536e-05,0.0012533105523101,7.329018409558002e-05,4.998442533364726e-05,0.0001005219326957,8.404317440459925e-05,5.080361065061885e-05,6.17080113450971e-05,6.843322207207144e-05,6.7021511521599e-05,0.0001088559004292,0.0001770698642873,5.300152361464938e-05,5.066321429325403e-05,4.903745436869183e-05,0.0009681064483709,3.4093271912970344e-05,5.657730288199273e-05,0.0001198418505809,8.39109253716086e-05,0.4554533227037106,7.934513064603635e-05,8.23647134034116e-05,3.894187902081562e-05,7.137825308516558e-05,5.586552031353731e-05,8.021356214323707e-05,6.290990087015662e-05,5.568670898192523e-05,5.020320543914296e-05,6.642318848437946e-05,0.0001106593789309,0.000277685202177,0.0001832190424106,4.6777317973309226e-05,6.791446691181347e-05,5.520933554273919e-05,0.0001839959191384,5.225599651317007e-05,0.0001477111579047,0.0001060928477929,0.0299553568542411,8.436260321448822e-05,0.0001447177948764,8.301363238488716e-05,6.378538811817581e-05,0.00011836366636,2.532454137879313e-05,0.0236765134482789,1.120089533669966e-05,9.131711325348964e-05,6.605627462462318e-05,6.452085846456509e-05,5.757193056174724e-05,5.486297493386072e-05,5.039064646497386e-05,8.723973646944382e-05,6.283003836833609e-05,2.2124009433849576e-05,3.963550025756867e-05,8.204362627497502e-05,0.0001135665765427,9.300603412749076e-05,2.703141694121309e-05,3.312807205172985e-05,7.319132425059725e-05,9.551632073337016e-05,4.647449794567572e-05,0.0158528405807619,0.0002195786842391,8.083815138522964e-05,6.1950305988096e-05,8.948281025170748e-06,5.904410731256354e-05,8.655914692254474e-05,7.755121706870569e-05,0.0001890281146488,6.148820767975752e-05,9.37184591042178e-05,4.191057606026953e-05,0.1278770639783975,7.03551900460656e-05,4.615092575716872e-05,0.2662024740226342,0.0237260360394886,0.0003496822777672,7.591097130271433e-05,6.649262778747516e-05,3.7083449825486766e-05,7.759695089421333e-05,7.227816408822118e-05,6.53297014089567e-05,5.348907794598596e-05,4.507091393490257e-05
BaumgärtnerKlaus,0.00754076342690729,0.0001546573369194559,0.005165462287274188,0.011524591735640938,8.889259262741261e-05,7.709598089133346e-05,0.0025169642816115275,0.022355621866472764,0.006770809276929649,0.008894103718430607,0.0009518095254474467,0.0030236308433127033,0.00216254012851348,9.569714784068573e-05,0.005779844872741426,0.00010393735524419486,0.00016881437222870835,0.001282043548697562,8.219507533255536e-05,7.856881144964718e-05,0.0011343928655610544,0.007747751817559859,5.287204710556036e-05,0.0007853400857046052,0.0037643664137551464,0.0009865998798415448,0.003220554104792162,0.004992087766627536,0.001226417835019749,6.039129559707551e-05,0.00011069381574947298,0.0003700689875465263,0.004942746622321764,0.0009478582729421584,0.00040931954961547846,7.78554270063585e-05,0.004179482833239308,0.005681433044235752,0.028378545191103464,0.015156764792561563,7.254254052440544e-05,0.00010532215572844162,8.5618963088483e-05,0.0031074917227726234,8.103890750775408e-05,0.002370681112690122,0.0009432376418157637,0.12359741918936963,0.00027254622711241083,0.003281071945585946,0.0019700568016852373,0.007691491258771699,0.0007199372983542864,0.005594406356567983,0.00048105609018142623,1.7370414531589455e-05,0.0039708782847455775,0.00010244046017307803,0.001401941465479291,0.0005151126921499735,8.508182501400532e-05,7.81461116544193e-05,0.0050223096333533255,0.010892159681519452,3.431004427901303e-05,6.146696750080314e-05,0.0038700759980307762,0.000176119716521028,0.00106489369166926,4.192048077680231e-05,5.137520946967731e-05,0.00583742921533285,0.00028310998631227364,7.207292544004911e-05,0.0002338134808761772,0.004387716409820653,0.0001253642818112723,9.607289980167665e-05,0.0001053821181912239,0.0005427569906751276,0.004907804273804676,0.007267277947333758,0.029881294372038725,0.008140249264640251,0.000955235416544874,6.499516847007163e-05,0.36099030885325195,0.01633635183405828,0.00028324018621990514,0.19747614857100085,0.008684924087157743,0.004353570041598597,0.003269706530804363,0.002519401627980646,5.7509232643167156e-05,0.0002118428801947878,0.000624291054128237,0.0004638718633991355,0.0009552545263619674,6.98962390802347e-05
BaumgärtnerKlaus+BaumgärtnerSabine,0.00535467103079301,0.004037425425087098,6.98478548816427e-05,0.017469225415537967,0.007940640719000818,0.00451060727928707,0.005611909103414327,0.019276936235246834,0.0010027736196904467,0.0016993274370676623,0.000798276357277716,0.00015795913492154643,0.002682877025352412,0.007318561071688321,0.00015987052351787255,0.001940734830248253,0.006964515500598597,0.0019326783033052938,0.000986016046016911,5.3889399631707926e-05,0.0001795716200312907,0.006569708207865413,0.010599079116510686,0.009568604071913888,0.019193271896278556,8.925429335460009e-05,0.0010990391219905273,0.0015633577880010132,0.0006463456364578649,0.005652192769447495,7.59235524073668e-05,0.001122167634694215,0.0032010639064942803,0.0004541749186261054,5.923278568808066e-05,0.00035915199481656896,0.012058195327891248,0.008994694001259277,0.0003707841125809085,0.003066067002177821,0.0005588073696303326,0.004073915271189651,0.0014401040969840451,0.00019571260440882652,0.0022385612023942975,0.029955096961145403,0.0006715847558953435,0.18350189594782768,0.009604303640948572,0.0015029894252324742,0.0064638960911303275,0.006780336081966832,0.0013256862971380461,0.01136656132233507,0.00013126448632138412,0.004456631877263514,9.713210024233447e-05,0.003200943191750843,0.0005040271799127608,0.0006182686800537945,0.0023506132649227917,0.0003317954237884319,0.00010169324241762076,0.0005206372798395556,0.0031013931393610436,4.215945124640528e-05,9.983078150375725e-05,0.002111113824452622,0.0002985790234265656,2.8752751882751235e-05,3.523763619675234e-05,0.0010544615081693803,0.0001015987092638233,4.943394980785399e-05,0.011016631181301454,0.007865849917096301,0.00018831292274494038,0.0006435121302962388,9.518099056864275e-06,0.0009511491178221207,0.007711288191784135,0.0004434625651179657,0.006411842925713338,0.005858903110673083,0.0011045845764535399,0.0012908763700919636,0.3198899486569408,0.0005831138947177242,0.004437936997999786,0.14224750090169752,0.018461539834313905,0.00818701898744451,0.0001719379097025184,7.072681513377542e-05,3.944488866815114e-05,8.253825098295873e-05,0.005371673122929595,0.003007741289323661,9.93657139866559e-05,4.7940986901170654e-05
BaumgärtnerKlaus+BaumgärtnerSabine+BierwischManfred,0.0001445080032672,9.114050705517028e-05,6.00123762995242e-05,0.000566267517821,0.3085798057185104,4.543312933166095e-05,7.635909679393945e-05,0.0585458500436784,6.697984973267307e-05,4.568073254469582e-05,9.186692638156298e-05,7.680700031174268e-05,4.642938545246329e-05,5.6394909880516365e-05,6.254107542058175e-05,6.125091410220711e-05,9.948333386302926e-05,0.00016182402935,4.843805662545789e-05,4.630107731631444e-05,4.481529641956342e-05,0.0008847518291474,3.115781816904501e-05,5.170595888221194e-05,0.0144596359804386,7.668613800983533e-05,8.521870017497285e-05,7.251346129462561e-05,7.527305593666666e-05,3.558895692935593e-05,6.523253727388883e-05,5.105546127375586e-05,7.330712025323549e-05,5.749331590551385e-05,5.089204571859425e-05,4.5880675535308174e-05,6.070410708269823e-05,0.0001011315316474,0.0002537763186752,0.0001674437590827,4.274975929469212e-05,6.206698543007478e-05,5.045577445501887e-05,0.0001681537461994,4.775671991106791e-05,0.0001349931274206,9.695818192539574e-05,0.3143784322753769,7.709892608530531e-05,0.0001322574949713,7.586610255545028e-05,5.829342311003011e-05,0.000108172474724,2.3144081257707225e-05,0.0001127807541295,1.0236490681277832e-05,8.345464811172567e-05,6.03687847541411e-05,5.896556896273731e-05,5.2614948446804006e-05,5.013923572855392e-05,4.605197776218645e-05,7.972833622331893e-05,5.7420329619052365e-05,2.021911727539041e-05,3.622285690903836e-05,7.497961462690368e-05,0.0001037884175808,8.49981517574996e-05,2.470399368109757e-05,3.027572266791249e-05,6.688950178712956e-05,8.72923009907512e-05,4.247301227601245e-05,0.0001377877029816,0.0002006728111864,7.387793193954192e-05,5.661634279106729e-05,8.177827983758772e-06,5.396036978482406e-05,7.910634589619028e-05,7.08740048882082e-05,0.0001727526662768,5.6194031459254165e-05,8.56492364624411e-05,3.830204714816527e-05,0.1886173253513673,6.429756065360087e-05,4.217729987152992e-05,0.1069561915277715,0.0001580394167804,0.0003195743974184,6.937498539076122e-05,6.076756761488664e-05,3.389053974323446e-05,7.091580100044346e-05,6.605496533163303e-05,5.970476998319089e-05,4.8883632199491785e-05,4.119027779677899e-05
BaumgärtnerSabine,0.000310113137754775,0.00019558687394756572,0.0001287861287789495,0.017130693657617522,0.00011241771425393328,9.749916943357082e-05,0.00016386607362568327,0.00822214294275995,0.00014373827675503555,9.803052415150254e-05,0.00019714576460785497,0.00016482727135990705,9.963712791782192e-05,0.00012102307180940719,0.00013421269894213256,0.00013144402201347268,0.014812960272604907,0.015340365213313976,0.0001039477218371289,0.028393562008834698,9.617330443891081e-05,0.0425989779282937,6.686445414463612e-05,0.00011096061662364069,0.0002350364008252,0.0001645679017275515,0.00018287871888848973,0.0001556133674475331,0.00016153543774139915,7.637364611821405e-05,0.00013998855676041098,0.00010956465342504721,0.00015731655387594948,0.0001233802432548671,0.00010921396481663575,0.0060956964035250956,0.005894394056822108,0.00021702754100841066,0.045523878181941,0.018043208248390476,9.174067659506971e-05,0.0001331953052254456,0.00010827772981649781,0.000360856732361725,0.00010248557813858291,0.000289694282484425,0.0002080715624606662,0.0567659165418355,0.00016545374197456155,0.016199311263840676,0.009895787946336023,0.00012509726757269898,0.000232137354312075,4.966703225431613e-05,0.000242026688838725,2.196743552603648e-05,0.0001790930758228395,0.00012955097876433147,0.00012653968774804347,0.00011291130170466601,0.0001075984399816043,9.882721372348531e-05,0.00017109643725722373,0.00012322361520799956,4.339008054321445e-05,7.773399092457126e-05,0.00016090571479693017,0.0002227291991509,0.000182405423567632,5.301459311809579e-05,6.497148353077054e-05,0.00014354439071238238,0.00018732865135512468,9.114677947941833e-05,0.0073692414788932,0.00043064241240695,0.0001585415116575579,0.00012149826524603547,1.7549560153930833e-05,0.00011579856623880502,0.00016976165047974861,0.0001520951057671325,0.000370725981837425,0.00012059198815925353,0.00018380264667106639,8.219591825361154e-05,0.4262913629278583,0.000137982103644427,9.05121827819962e-05,0.17279959263690636,0.08410810295121003,0.000685804363003025,0.0001488782206853468,0.0001304067639210791,7.272885502779126e-05,0.0001521847999239953,0.00014175348146907953,0.012122599614133955,0.00010490392382075531,8.839404049425532e-05
BaumgärtnerSabine+BaumgärtnerKlaus,0.00017708809608985,0.000111688615897737,7.35424836025208e-05,0.028205667451263523,6.4195406644632e-05,5.567626837851735e-05,9.357465859776878e-05,0.022324804554831552,8.208081073275999e-05,5.5979695044104865e-05,0.00011257881029919643,9.412354433011404e-05,5.689713570532236e-05,0.08417616651930315,7.664129130041825e-05,7.506025629644482e-05,0.0027160341516311174,0.0025051828186792246,5.9358672406777444e-05,5.673989982198221e-05,5.491914177216113e-05,0.001084223803480525,3.818251289285282e-05,6.336334049278158e-05,0.0001342160123730585,9.397543298368917e-05,0.00010443170636942435,8.886200425734166e-05,9.224376409130319e-05,4.3612675297923986e-05,7.993955744848305e-05,6.256618476169384e-05,8.983459782133335e-05,7.045548773360811e-05,6.236592630623978e-05,5.622471623831918e-05,7.439016874541589e-05,0.00012393216977035895,0.0418347362554228,0.00020519483923155,5.238791838953615e-05,7.606031521676908e-05,6.183129538131843e-05,0.000206064896694825,5.852372473038926e-05,0.00016542804121325,0.00011881791630424152,0.1128239942503487,0.004371111307279596,0.000162075645974975,9.297051620357747e-05,7.143598333462736e-05,0.0001325605306633984,2.8362036655492962e-05,0.00013820777100801435,1.2544361588314589e-05,0.00010226993944843436,7.397924622626098e-05,7.225966802100785e-05,0.022260014698454136,6.14433913265877e-05,5.643463945729644e-05,0.012927593573761201,7.036604630325193e-05,2.47776240897602e-05,4.438949137714002e-05,9.188416488789903e-05,0.001552731404997375,0.00010416143414600496,3.0273639576296864e-05,3.7101544300572464e-05,8.197009336555405e-05,0.00010697281144466579,5.204877729334433e-05,0.07594529072447108,0.000245915556692725,9.053410201809739e-05,6.938079639715542e-05,1.002156250900839e-05,6.612602024422494e-05,9.694128952479291e-05,0.004363482944710218,0.000211700667601325,6.886327274436729e-05,0.00010495930933757118,4.69374460407637e-05,0.3439086616922067,7.879378540934428e-05,5.1686394964919676e-05,0.2253506072081434,0.00019367023827075,0.004124042181001399,8.50159423792938e-05,7.446793678987024e-05,4.153134098386237e-05,8.690414300883219e-05,0.0025471182320233416,7.316552581697893e-05,5.9904705348108095e-05,5.047684354863503e-05
BaumgärtnerSabine+BierwischManfred+BaumgärtnerKlaus,5.146087147853666e-05,3.2456125709394035e-05,2.1371059830924235e-05,0.0053118851725314,1.8654848314449856e-05,1.617923143731176e-05,2.719230476850078e-05,0.0131834671558707,2.385225289128602e-05,1.626740563414221e-05,3.2714811531285096e-05,2.7351808082111943e-05,1.653400907614957e-05,2.008284069940505e-05,2.227155708737024e-05,2.1812116611477148e-05,3.542709706336801e-05,5.762729667726636e-05,1.724931872502046e-05,1.6488317153524382e-05,0.4931532653161419,0.0003150697479776,1.1095637889229834e-05,1.841305425687369e-05,3.900246891574013e-05,2.730876770203312e-05,3.0347305880093565e-05,2.5822832146160818e-05,2.680555380860271e-05,1.2673614590120495e-05,2.3230015922804355e-05,1.818140498438357e-05,2.610546273231101e-05,2.047399503000027e-05,1.812321092805706e-05,1.6338607507466203e-05,2.1617392685339493e-05,3.601403821842693e-05,9.037250688110532e-05,5.96285435492785e-05,1.522365418567367e-05,2.2102728486053093e-05,1.7967849986676434e-05,5.988137768260191e-05,1.700668731153402e-05,4.807252071592567e-05,3.4527862997514694e-05,0.3035872467523774,2.745576602475128e-05,4.709833225089896e-05,2.701674415889472e-05,2.0758921906641982e-05,3.8521394617821126e-05,8.241859026238139e-06,4.016245302885254e-05,3.645325652769084e-06,2.971910775642053e-05,2.1497980757531928e-05,2.0998280354333164e-05,1.873675532602693e-05,1.7855127103844337e-05,1.6399610093358063e-05,2.8392127569561047e-05,2.044800381967025e-05,7.200247543343293e-06,1.2899353266506191e-05,2.670105616704108e-05,3.696018419278958e-05,3.026876619018174e-05,8.79736080415293e-06,1.0781514088545714e-05,2.3820079005349987e-05,3.108573768086536e-05,1.5125101562716126e-05,4.906769946401015e-05,7.146177036719085e-05,2.630873498134445e-05,2.0161695366920643e-05,2.912213478360477e-06,1.921587449586485e-05,2.8170630049966443e-05,2.523900389085448e-05,0.0690496396458632,2.0011305709053906e-05,3.0500624534114954e-05,1.3639775521717024e-05,0.0850544897882838,2.2897060580510268e-05,1.501979515962686e-05,0.0278678006419942,5.627955498381715e-05,0.0001138039182713,2.47051867460747e-05,2.163999167098092e-05,1.2068789759966924e-05,2.525388794095144e-05,2.352289149801835e-05,2.126151787647939e-05,1.7407993032539127e-05,1.4668305865007603e-05
BierwischHedwig+BierwischWilhelm,0.2799717035892646,9.114050705517028e-05,6.00123762995242e-05,0.050791661597359,5.238494420559083e-05,4.543312933166095e-05,7.635909679393945e-05,0.0011453996670635,6.697984973267307e-05,4.568073254469582e-05,9.186692638156298e-05,7.680700031174268e-05,4.642938545246329e-05,5.6394909880516365e-05,6.254107542058175e-05,6.125091410220711e-05,9.948333386302926e-05,0.00016182402935,4.843805662545789e-05,4.630107731631444e-05,4.481529641956342e-05,0.0008847518291474,0.0143812704123227,5.170595888221194e-05,0.0001095233862849,7.668613800983533e-05,8.521870017497285e-05,7.251346129462561e-05,7.527305593666666e-05,3.558895692935593e-05,6.523253727388883e-05,5.105546127375586e-05,7.330712025323549e-05,5.749331590551385e-05,5.089204571859425e-05,4.5880675535308174e-05,6.070410708269823e-05,0.0001011315316474,0.0002537763186752,0.0001674437590827,4.274975929469212e-05,6.206698543007478e-05,5.045577445501887e-05,0.0001681537461994,4.775671991106791e-05,0.0001349931274206,9.695818192539574e-05,0.2498029256016852,7.709892608530531e-05,0.0001322574949713,7.586610255545028e-05,5.829342311003011e-05,0.000108172474724,2.3144081257707225e-05,0.0001127807541295,1.0236490681277832e-05,8.345464811172567e-05,6.03687847541411e-05,5.896556896273731e-05,5.2614948446804006e-05,5.013923572855392e-05,4.605197776218645e-05,7.972833622331893e-05,5.7420329619052365e-05,2.021911727539041e-05,3.622285690903836e-05,7.497961462690368e-05,0.0001037884175808,8.49981517574996e-05,2.470399368109757e-05,3.027572266791249e-05,6.688950178712956e-05,8.72923009907512e-05,4.247301227601245e-05,0.0073128440000584,0.0002006728111864,7.387793193954192e-05,5.661634279106729e-05,8.177827983758772e-06,5.396036978482406e-05,7.910634589619028e-05,7.08740048882082e-05,0.0001727526662768,5.6194031459254165e-05,8.56492364624411e-05,3.830204714816527e-05,0.3751687890753655,6.429756065360087e-05,4.217729987152992e-05,0.0136804596657723,0.0001580394167804,0.0003195743974184,6.937498539076122e-05,6.076756761488664e-05,3.389053974323446e-05,7.091580100044346e-05,6.605496533163303e-05,5.970476998319089e-05,4.8883632199491785e-05,4.119027779677899e-05
BierwischManfred,0.007196487824627001,0.008782752658230631,0.0021202665052473127,0.015231958945221192,0.004962641658064183,0.0017477591972955033,0.004156411443995915,0.00449375289345145,0.0005067206187197798,5.786321940101517e-05,0.004847860778426412,0.006664217998981974,0.0009390003856240917,0.0037686208300565273,0.003742539340692228,0.001165985523567647,0.0029903411292492997,0.0019334444018866501,0.002118675020837619,0.003299560726983885,0.0013294313497506942,0.011886614182523866,0.00010476052632469668,0.0019795537537248982,0.009526686638277613,0.006471102577461513,0.0028002935974952947,0.0002850462543061148,0.005099753077016914,6.859411632064332e-05,0.00406493700033773,0.0025254790796965833,0.002198727846390165,0.010701215366509679,0.002005127955911023,0.0061360203471291005,0.0021251670870395443,0.0009373329552373901,0.0032930037172434865,0.02004675144907884,0.0012857727243791542,0.003030049060538525,0.0005847975311917858,0.0015082744450867307,0.0002549768279973319,0.0027276927779405907,0.003816095577310966,0.15032498203347103,0.001586598131838091,0.001503044373104826,0.00032879541061028243,0.002660012222173763,0.002673295907596304,2.9316321719216485e-05,0.0031687447454282285,1.2966436245472922e-05,0.002228831694625659,0.00036640449967284826,0.000862695464108579,0.00610663364497276,0.00012588902063387304,0.0013328071662391827,0.006930396963997451,0.002958188124945667,2.5611305988934524e-05,0.0010561114945615905,0.0012563761479304086,0.0031542908237951663,0.004917798177001612,0.0007054905687120677,3.8349883762123224e-05,0.0015866418419727207,0.0012982066597096277,0.00046766718000546437,0.009991304717401828,0.01895921496023093,0.004100181783294297,0.0036686047738621634,0.0017935556231222429,0.0026091754015645074,0.005982393270745425,0.0077211362305795875,0.029773557855637983,0.0009283861324856633,0.0015976504082996128,0.0008233854368253546,0.3351390290407383,0.0010666937640657086,0.00019411912744198028,0.14570623463241375,0.0022282784791527207,0.01416448112213687,0.009155587407363322,0.005775503286928969,0.0009421807347854801,0.004287171451879471,0.0019409676593537884,0.002429603243106314,0.00010732157090334859,0.003688016718074594
BierwischManfred+BaumgärtnerKlaus,0.00012597929222135,7.945453754749948e-05,5.231763307086753e-05,0.0036309804056426,4.5668184770875314e-05,3.9607726542465746e-05,6.656838895612697e-05,0.00099853735505885,5.8391742129425015e-05,3.9823582251662664e-05,8.00878159163499e-05,6.69588626107382e-05,4.047624342825945e-05,4.916399556430979e-05,5.452210423031342e-05,5.3397366457556924e-05,8.672765317166488e-05,0.00014107507003765,4.222736424480999e-05,4.0364386867980314e-05,3.906911171686884e-05,0.00390862889027585,2.716278539148317e-05,4.5076258451681674e-05,9.548037737646267e-05,6.685349718525115e-05,7.429202043722193e-05,6.321583804274147e-05,6.562159946745246e-05,3.1025766763708606e-05,5.686846880289365e-05,4.4509167173328955e-05,6.390773462708465e-05,5.012156476789928e-05,4.436670464176135e-05,3.999788869748211e-05,5.292067063627403e-05,8.816452023523136e-05,0.0189277763139891,0.00014597424211250002,3.7268416259419874e-05,5.410880171347721e-05,4.3986371762203624e-05,0.00014659319519765,4.163338802825e-05,0.0001176844068335,8.452627437836508e-05,0.3426010130588351,6.721335787399777e-05,0.0001152995351866,6.613860608023153e-05,5.0819082808749986e-05,9.430267871306125e-05,2.017656399672794e-05,9.832008788581399e-05,8.923975293421177e-06,7.275415384613338e-05,5.2628343092729315e-05,5.140504660922558e-05,0.14034491127503051,4.371041940095635e-05,4.0147226677456604e-05,6.950562695707532e-05,0.009462015827679622,1.7626636768241112e-05,3.157838854917386e-05,6.536578298894157e-05,9.0480742187245e-05,7.409975057738274e-05,2.153646558406553e-05,2.639379153375986e-05,5.831297853172877e-05,7.609974566499637e-05,3.70271535421351e-05,0.00012012066394919999,0.00017494268933045001,6.44053572542523e-05,4.9357036508167713e-05,7.1292728292506575e-06,4.7041610428499813e-05,6.896338777717796e-05,6.178659154401036e-05,0.00328792174207175,4.898887362807788e-05,7.466735367513667e-05,3.339098652850156e-05,0.20513984879821526,5.605337420464069e-05,3.6769357167017336e-05,0.1090463197198696,0.1319051861910337,0.0253771531765453,6.047977523595275e-05,5.297599430519432e-05,2.9545119393551685e-05,6.18230285891425e-05,5.758544573341037e-05,5.204946781262337e-05,4.261580844290836e-05,3.5908890344608325e-05
BierwischManfred+ZeibigBrigitte,9.08429339778266e-05,5.729420432035769e-05,3.772594053458337e-05,0.00035597615060859995,3.29310620886588e-05,2.856090095335662e-05,4.800207761387204e-05,0.006371122705771851,4.2105945204009325e-05,2.8716553248218323e-05,5.775085766422603e-05,4.828364589228079e-05,2.918718342187639e-05,3.5451870893877884e-05,3.931557184987636e-05,3.850452999187536e-05,6.253880564180396e-05,0.00010172841145056567,3.0449906445002658e-05,2.9106524307658093e-05,2.817250893925327e-05,0.0016967713581527999,1.9586926362755492e-05,3.250422746698344e-05,6.885034409416778e-05,4.820766749755981e-05,5.357154329616181e-05,4.558457267387941e-05,4.7319353227237037e-05,2.237249973411527e-05,4.100752167906131e-05,3.209530124863109e-05,4.608349527157519e-05,3.6142368470162186e-05,3.19925723467512e-05,2.884224461122153e-05,3.8160787411196244e-05,6.357492211371668e-05,0.00015953293133473648,0.00010526117590331207,2.6874037931274096e-05,3.901754181186153e-05,3.171831652217852e-05,0.00010570749936855166,3.0021593654274044e-05,8.486154043010487e-05,6.0951404213730446e-05,0.16558931653073655,4.846716094455882e-05,8.314182337386527e-05,4.769216368491332e-05,0.06406501570912208,6.800111244637234e-05,1.4549202799402408e-05,7.089804280537173e-05,6.435026615131155e-06,5.246259665312578e-05,3.794999172192166e-05,3.706787975155951e-05,3.307565103616861e-05,3.15193288814974e-05,2.894993135890832e-05,5.012010283128959e-05,3.609648666256398e-05,1.2710465124494559e-05,2.277099208540986e-05,0.0011877193876211787,6.524513627474721e-05,5.343289861991928e-05,0.041076571897921674,1.9032409370202864e-05,4.2049149232392004e-05,5.487508343058467e-05,2.670006479083847e-05,8.661831124862041e-05,0.00012615015449381886,4.644232805011012e-05,3.55910715943159e-05,5.140877119704745e-06,3.392143133219908e-05,4.97290973164067e-05,4.455395134689097e-05,0.00010859854611686699,3.532559148548727e-05,0.002335011198241955,2.4078045932601204e-05,0.43192170570401495,4.0419761710981365e-05,2.6514169326023577e-05,0.061585429801923455,9.934926772134927e-05,0.175850909306441,4.3611613717422456e-05,3.8200680986676134e-05,2.1304813538075723e-05,4.458022588794388e-05,0.04385040951577413,3.753256812852944e-05,3.073001129413856e-05,2.589369171133079e-05
DohertyMonika,0.00029354399181118,0.00018513679278506296,0.0001219051685633035,0.015067568684352939,0.00010641130792237662,0.007465858155987115,0.00015511081446841868,0.004261454034578,0.0001360584328681217,9.279281615449097e-05,0.005102324595990382,0.051997333690454194,9.431358011261725e-05,0.00011455688674588457,0.0001270418005650152,0.00012442105226793116,0.00020208385889072578,0.0101601430270685,9.839386176500756e-05,9.40529434584851e-05,9.10348264993611e-05,0.009536286190276,6.329192926813568e-05,0.0001050320620834014,0.00022247855675728,0.042056096799859645,0.0001731076262956965,0.00276606914855512,0.00015290470296382591,7.229305121682723e-05,0.00013250905800654488,0.00010371068430270191,0.01091864397517098,0.0001167881160336516,0.00010337873276160295,9.319896710996024e-05,0.00012331030468558873,0.00020543189876383924,0.0066937348558085,0.01834920022616238,8.683903111667156e-05,0.00012607876554171176,0.00010249252019670816,0.00034157638872158,9.700983946599122e-05,0.00027421610287466,0.0001969544324026329,0.2678277895210024,0.00015661365471627338,0.00026865912020834,0.00015410937860722056,0.0025762695023803647,0.000219734404439,4.701335459343132e-05,0.00022909535816809998,2.0793729542882945e-05,0.0001695242477097306,0.0001226291531047548,0.00592407367291764,0.00010687852331233386,0.00010184952438173963,9.354693911391047e-05,0.0027807249678807183,0.00011663985652283755,4.107177638419124e-05,7.3580713673149e-05,0.00015230862571218707,0.03216295824094264,0.00017265961884012156,5.018205742845478e-05,6.150009885938462e-05,0.00013587490603234384,0.00017731980172628375,8.627686554280357e-05,0.05790993125343574,0.00040763346466510004,0.00015007074042942278,0.00011500669090214633,1.6611898416857877e-05,0.00010961152315526613,0.00016069139443455926,0.00014396876186889622,0.048720042659552834,0.0001141488356185271,0.00017398218920975723,7.780424308833416e-05,0.19797855333471992,0.00013060980839292206,8.567617493968891e-05,0.14609084414336235,0.0029398009129497802,0.040425470258097715,0.00014092375289268786,0.0001234392142097696,6.88429989754216e-05,0.0001440536637244923,0.00013417968392059974,0.00012128031745497751,9.929897449024693e-05,8.367120363514097e-05
JohnsonUwe,0.006186700475453184,0.001860463741806436,0.0029544612270822578,0.006602459954052157,0.000521004905191992,0.0019375086180644556,0.0039140281632879595,0.06270727866057552,0.0024676272726843343,0.0012193892112429196,0.004124700121356334,0.0020629465953277706,0.003917306007266388,0.002383084610596149,0.0014375116647761834,0.0005458767670253196,0.004897207796753555,0.008032606404447303,0.0012204987775097306,0.001839764663553132,0.0018691990285727427,0.04933149658102224,0.0018145935966595189,0.0031293711310883625,0.0013249545147989625,0.004135654730560869,0.0034211425962406353,0.004537432297799227,0.0033791294665705108,0.0004874749884906235,0.002132639603330898,0.003038256105938541,0.00310523414816444,0.0018526342059832829,0.0033199794499179417,0.0027759074890601246,0.003104755766214467,0.0035882990916758155,0.014014144958096166,0.0060494007544496355,0.0034850872643711335,0.0031130617570604264,0.00217510600475155,0.009793757580559155,0.001021871621521933,0.0011719762175314591,0.004320582883379456,0.1578253931073181,0.004599836583376945,0.003484801624915406,0.0032976905422996473,0.0007015803413686763,0.008089297361767368,0.0003383101706705571,0.006318915439542962,0.0002112783906648501,0.00300567005384073,0.00414603151631735,0.002587937714168904,0.0014904550718118968,0.002590099079857248,0.0025835159041297305,0.0015152381768413293,0.0016890927349990262,0.001030379717171241,0.0027710215727078527,0.004743704235061862,0.0030541946954475343,0.0061109317729327196,0.0023684123655195125,0.0037975299429975767,0.004030956207636922,0.007105005264429461,0.0018092341832820393,0.003546033358741911,0.003319169914550195,0.0017944206422566265,0.002592241072942129,3.1244031100576176e-05,0.0023483921516504395,0.003300152178301927,0.004131752403091969,0.0021244444561150278,0.001774178714371907,0.005749669926860375,0.0013433998748513263,0.21841007847136495,0.0025110522122339103,0.003934516683810814,0.2146510914564581,0.0021590899374082776,0.004564610683557745,0.0017853850896217903,0.002583281522816204,0.00312389023376136,0.0032834890810579383,0.002987477747722979,0.0018834473283296817,0.0022400855465485917,0.0002053220375304365
JohnsonUwe+BaumgärtnerKlaus+BaumgärtnerSabine,0.0004079324492692,0.00025728104624,0.0001694092721291,0.0015985197377557,0.0001478777514841,0.0001282534344617,0.000215554520683,0.3475599653134149,0.0001890777917857,0.0001289523949542,0.0002593316594124,0.0002168189100243,0.0001310657714276,0.0001591975059771,0.0001765475509966,0.0001729055474075,0.0002808320586173,0.0004568139559806,0.0001367360604971,0.0001307035696737,0.0001265093504845,0.0227520773606622,8.795557887600156e-05,0.0001459610400237,0.0003091741786569,0.0002164777271574,0.0002405643445341,0.0002046986547603,0.0002124887298832,0.0001004642652233,0.0001841452936898,0.0001441247466928,0.0002069390790659,0.0001622982024779,0.0001436634400097,0.0001295168151388,0.0001713619628191,0.0002854847653453,0.0007163865869233,0.0004726779224203,0.000120678534202,0.0001752092397154,0.0001424318874239,0.0004746821490162,0.0001348127112818,0.0003810728531166,0.0002737037931136,0.3203344502684824,0.0002176429889204,0.0003733504210013,0.0002141628444946,0.0001645568295728,0.0003053606828689,6.533355620507652e-05,0.0003183694205325,2.8896646698615204e-05,0.0002355845921153,0.0001704153795456,0.0001664542338533,0.0001485270317408,0.0001415383284856,0.0001300003851515,0.0002250655654801,0.0001620921690823,5.7076659048146535e-05,0.0001022537050152,0.0002116603727715,0.0002929849034813,0.000239941757175,6.97370416946823e-05,8.546550656076135e-05,0.0001888227480658,0.0002464179238547,0.0001198973034978,0.0003889616760709,0.0005664803991351,0.0002085504265622,0.0001598225901766,2.3085236275448537e-05,0.0001523250291479,0.0002233097455128,0.0002000706241169,0.0004876644661802,0.0001586304451601,0.0002417797078238,0.0001081230627502,0.1881222906625709,0.0001815059429681,0.0001190625353001,0.099382165420718,0.0004461303520269,0.0009021283507845,0.0001958390336079,0.0001715411059097,9.56697938656623e-05,0.0002001886105955,0.000186466930446,0.0001685409285412,0.0001379938782728,0.0001162762651743
JohnsonUwe+BaumgärtnerKlaus+SpottMargot,9.528393580662214e-05,6.009512295017005e-05,3.957023335484272e-05,0.0003733786129315,3.454094962262109e-05,2.995714618467503e-05,5.034873579777181e-05,0.0480652563699228,4.4164361543790206e-05,3.0120407790419447e-05,6.057410052165233e-05,5.0644068990903e-05,3.06140454713252e-05,3.718499218993684e-05,4.123757633431455e-05,4.038688540051993e-05,6.559611497851995e-05,0.0001067015672207,3.1938498724964685e-05,3.052944320756223e-05,2.954976700702038e-05,0.038431390233659,2.054446452217298e-05,3.4093248509162115e-05,7.221620306249882e-05,5.056437627108122e-05,5.619047369978562e-05,4.781304727002521e-05,4.963263533974815e-05,2.346621509405596e-05,4.301223983154826e-05,3.366433127990756e-05,4.833636049527744e-05,3.79092458423932e-05,3.3556580311685894e-05,3.025224377632855e-05,4.00263384151108e-05,6.668288365798596e-05,0.0001673319533256,0.0001104070365027,2.818781817122839e-05,4.092497662218309e-05,3.326891705336852e-05,0.0001108751792029,0.0520725075284184,8.901013228797008e-05,6.393111089786361e-05,0.1599810238950287,5.0836555469433897e-05,8.720634411846984e-05,0.0047810253331625,3.843681083388063e-05,7.132545537004577e-05,1.5260463801333886e-05,7.436400679366191e-05,6.749613162644391e-06,5.502731443003119e-05,3.980523764209908e-05,0.023693888311874,3.4692607031619265e-05,3.3060201584253486e-05,3.036519496256297e-05,0.014245575289851,3.786112102939513e-05,1.3331836500239932e-05,2.388418838000736e-05,4.943914956532525e-05,6.843474890423359e-05,5.604505115724372e-05,1.6289019949462346e-05,1.9962839081332915e-05,4.410478901044402e-05,5.755773947435871e-05,2.8005340076130885e-05,9.085278565205362e-05,0.000132317206154,0.0473587293546948,3.733099793880454e-05,5.392197103444198e-06,3.557973464743507e-05,5.216018361509161e-05,4.673204237441432e-05,0.0001139075593861,3.705253941110294e-05,5.647435549906344e-05,2.525513964080613e-05,0.1101752010267242,4.23957462792606e-05,2.7810356814796703e-05,0.3307285687032044,0.0001042061152528,0.000210717093037,4.574363706579289e-05,4.006818225170517e-05,2.234633335410835e-05,4.675960138834538e-05,4.3554522476716e-05,3.936740763006253e-05,0.1656172904645244,2.7159546161518425e-05
JohnsonUwe+SchmidtElisabeth,0.00015318811647895038,9.661501297545445e-05,6.361711934910663e-05,0.0006002813167227334,5.5531532878982775e-05,4.816214569924677e-05,8.094573275825429e-05,0.13805524246306267,7.10031056454335e-05,4.842462161047272e-05,9.738506588510072e-05,8.142054034472612e-05,4.921824359848981e-05,0.04096030749457338,0.020342751459119058,6.493005198184331e-05,0.00010545896553109395,0.0007358049863307835,5.134756894145632e-05,4.9082228421055286e-05,4.750720162719599e-05,0.013124839467408132,3.3029364263545236e-05,5.481176317452026e-05,0.00011610209037606062,8.129241824792531e-05,9.033750293019109e-05,7.686910277592575e-05,7.97944570532262e-05,3.772666673262597e-05,6.915083796191026e-05,5.412219234687454e-05,7.771043417797367e-05,6.094674740891822e-05,5.3948960964986024e-05,4.8636574508884455e-05,6.435040009057123e-05,0.06395239605978653,0.06616177569902758,0.00017750154655869763,4.5317594584518184e-05,6.579514198933064e-05,5.348648434343018e-05,0.00017825418023068986,5.062530660576251e-05,0.00014310171381260714,0.006473947366531713,0.23491508374483164,8.173000112469534e-05,0.00014020176105694179,8.042312600208206e-05,0.0009706954728430657,0.00011467003406866773,2.4534268935600886e-05,0.07510605915784742,1.0851362494573375e-05,8.846749015006942e-05,6.399493606944994e-05,0.003557603283507399,0.0182346649217949,5.3150932192655517e-05,4.881816628850554e-05,0.001777299534862521,0.0006251301049842863,2.1433612133974375e-05,3.8398642967354306e-05,7.948338970384786e-05,0.0036051184909685046,9.01037069057471e-05,2.6187880089368287e-05,3.209428423117359e-05,7.090733080048842e-05,9.253565802277236e-05,4.50242242965487e-05,0.0018936120750539475,0.00021272655686306195,7.831553261622547e-05,6.001709744790694e-05,8.669042803148917e-06,5.720158901207007e-05,8.385799994039835e-05,7.513116969769872e-05,0.0001831293420802779,5.9569419284585626e-05,9.079390009478825e-05,4.060272322126495e-05,0.1030521608772313,6.815970041813013e-05,4.471074943538054e-05,0.18147991870094557,0.001565908437516538,0.006701074073572133,7.354210910459128e-05,6.441767248501936e-05,3.592623129752853e-05,7.517547636282477e-05,0.010557843571769877,6.329103614851146e-05,5.1819908752344025e-05,4.3664440240479766e-05
JäckelIne,0.0001760953555016,0.0001110624991531,7.313021078440409e-05,0.0006900453788386,6.383553273351182e-05,5.536415202151894e-05,9.305008713497287e-05,0.00139576741082,8.162067278940476e-05,5.566587770339765e-05,0.0001119477032015,9.359589586123532e-05,5.657817527142157e-05,6.872201870737008e-05,7.621164683370019e-05,7.463947497555349e-05,0.0001212289468196,0.0001971964135744,5.902591281050009e-05,5.6421820838877725e-05,5.4611269801596025e-05,0.0185649846789464,3.796846501981397e-05,6.300813107272124e-05,0.0001334636089873,9.344861481423498e-05,0.0001038462712335,8.836385152815126e-05,9.172665350827504e-05,4.336818640293557e-05,7.949142318630048e-05,6.22154441278865e-05,8.933099281654798e-05,7.006052034799854e-05,6.201630830405619e-05,5.5909525329936666e-05,7.397314387752307e-05,0.000123237416719,0.0003092481388202,0.0002040445346662,5.209423623886995e-05,0.0525361507493485,6.148467447397408e-05,0.0002049097146624,5.819564577874971e-05,0.0001645006658867,0.0001181518333166,0.4443009312121939,0.0350676295135032,0.0001611670638869,9.24493315108951e-05,7.103551937527183e-05,0.0001318174077653,2.820304152496832e-05,0.0001374329901677,1.2474038979529151e-05,0.0001016966229913,7.356452495455777e-05,7.185458655636478e-05,6.411581256374676e-05,6.109894497590732e-05,5.611827173745971e-05,9.715579340502437e-05,6.99715803185843e-05,2.463872286682989e-05,4.414064771823218e-05,9.136907018698288e-05,0.0001264750593575,0.0001035775141328,3.0103928164723844e-05,3.689355624420018e-05,8.151057609420713e-05,0.0001063731310929,5.175699633840361e-05,0.000167906095107,0.0002445369752985,9.002657565315232e-05,6.899185363845782e-05,9.965382494204263e-06,6.575532347983127e-05,9.639784501948211e-05,8.63660337451201e-05,0.0002105138919234,6.84772311786173e-05,0.0001043709165049,4.667431876783919e-05,0.3522542078080712,7.83520742463604e-05,5.139664549404717e-05,0.0166708096008756,0.0001925845396241,0.0703367844848954,8.453935034116532e-05,7.405047596102974e-05,4.1298519869469166e-05,8.641696588089285e-05,8.049362208136937e-05,7.275536619168553e-05,5.956888473827124e-05,5.019387471864683e-05
KlemmEberhardt,0.002111861883713566,0.00016642151594340433,0.00010958190777990011,0.011391810135602434,0.0009374298706024842,0.007554674243804507,0.003742008005305613,0.021949426944792474,0.00012230443400348097,8.341249138423364e-05,0.006639626538985453,0.0001402486977520124,0.0007735344119971944,0.00010297645577203227,0.0001141992832443164,0.006616293244371213,0.023494020296607777,0.0011131942010377705,8.844733339130462e-05,0.0024570981278774114,0.00031970683457031455,0.019987636829837407,5.68938170383782e-05,0.0013505560675852683,0.004908701695126225,0.004110073112987018,0.000683606060365397,0.0014295125466803852,0.005144788279652619,6.498502536794696e-05,0.0004939411617797287,9.322668412657321e-05,0.006696092703807152,0.00010498213252002994,0.0017764794211214477,0.0046488897965796415,0.00011084500022123476,0.00018466501175214926,0.0035075314201411653,0.0014767823327644218,7.806056799455316e-05,0.00023109294176905864,0.0004669589631008905,0.005446991879837744,0.008935518203672343,0.008189446891083862,0.00017704452323678277,0.12329970626356586,0.00014078175085155235,0.004622241796505084,0.0007240466081045359,0.008524198778638515,0.0007906599162200636,4.226082575658714e-05,0.0003398428946744086,1.869171405956673e-05,0.01112183342428712,0.00011023270551220184,0.012607031784258132,0.00644178399990757,9.155366683596439e-05,8.409038087461593e-05,0.00014558302347274512,0.0004985658739060059,3.691987522048583e-05,6.614251942832073e-05,0.026045576413062883,0.02923038801371561,0.00033862809652850155,4.51092078714971e-05,0.0014030870885592727,0.008566666582346089,0.0008360086832117403,7.755523112656985e-05,0.0003855052951980797,0.002031548578539497,0.02752562346555389,0.00010338078971579173,1.4932619689706071e-05,0.0012695629712359325,0.0005461668869076849,0.00012941511645679375,0.03493438617568341,0.00010260965408892868,0.0017312625731175496,0.008931627507601543,0.36906668302430073,0.00011740660504508641,7.701526368260119e-05,0.09909987841093215,0.014809062977697199,0.01195779787761758,0.014893660776014011,0.00011096087842194171,6.188373515187484e-05,0.0018425893693558213,0.002202524450654091,0.0008281178432699484,8.926094925645867e-05,0.0005043691576191744
KlemmEberhardt+KlemmErika,0.1009712441464528,0.00021380611654225,0.00014078277086288456,0.001328404491277,0.00012288961130205435,0.00010658137922015634,0.00017913047091455,0.049888272011155144,0.00015712773629027903,0.005138774403221601,0.00021551022046019998,0.0001801812058163,0.00010891849209294005,0.00013229657222560098,0.00014671483506185847,0.00014368825127259954,0.0002333775174309,0.0003796222820837,0.00011363062500488764,0.00010861749459797746,0.00010513200769615919,0.0020755354430846,7.309298925249792e-05,0.00012129678260408677,0.0002569304324583,0.00017989767547135,0.00019991417570410002,0.0001701090114306,0.00017658273242150002,8.348797827346691e-05,0.00015302872364190116,0.00011977078311190776,0.00017197085250745002,0.00013487331811148782,0.00011938742727641451,0.00010763127590022476,0.00014240549907912578,0.00023724401739844998,0.0005953327550998,0.00039280558146385003,0.00010028647319659624,0.00014560266942836725,0.00011836398042891047,0.00542608330984095,0.00011203228018910915,0.00031667978669725004,0.000227453774554,0.01875747444085715,0.00018086603321065,0.00031026227850935,0.00017797395788850002,0.00013675028610018458,0.000253761334941,5.429359891156195e-05,0.00026457187742600003,2.4013738679998847e-05,0.0001957758936909,0.00014161886789644128,0.00013832707011381085,0.00012342917724465546,0.0152124579317397,0.00010803313304436283,0.00018703435494340001,0.0001347020999015611,4.7431938709181296e-05,8.497504146097009e-05,0.00017589434973745,0.0002434767944795,0.000199396792137,5.795299063723326e-05,7.102368527771782e-05,0.00015691578944030424,0.00020477862678085,9.963725357693844e-05,0.0003232355692727,0.0004707574693372,0.0001733099171437,0.00013281603072120307,1.9184330869478274e-05,0.00012658539527208757,0.00018557523055770002,0.00016626301782336674,0.0054368718963191,0.00013182533241648357,0.012001245155412,8.98526047414962e-05,0.5514349290468301,0.011951156352596854,9.894354314168657e-05,0.20526419645944777,0.00037074397602345003,0.00074968817999895,0.000162746474546124,0.0001425543708638198,7.950366883118518e-05,0.00016636106714011813,0.00015495805402248417,0.00014006115855189132,0.0001146758987935914,9.662809237711919e-05
KlemmErika,0.0035152106033746622,0.0009393741657467667,0.0009103209472260343,0.06955935103513397,5.6314411049278724e-05,4.884113096306898e-05,8.208689785616916e-05,0.004753690081078664,7.200410054960118e-05,0.00026390712549602266,9.875799110868898e-05,8.256839923398998e-05,4.99121176281888e-05,6.062516977463241e-05,0.0011145936187092799,0.036428680117872723,0.008047348643886943,0.04420224357220991,0.0010397459477918456,4.977418492195907e-05,0.00013995798578473305,0.004769228421741641,3.349500904084829e-05,0.0001293988650442074,0.00215088235577861,0.0014682986858346144,0.0009561931441236815,0.00047416264471484047,8.091939157778878e-05,0.003141107836685823,0.0003288830809216255,0.0013450421691318904,0.001636844948522078,0.0011758556492869221,0.008912321500054003,0.00021542148056865343,6.525760579640118e-05,0.0010790576514778552,0.0028454786254267007,0.0001800039461646438,4.595647764233312e-05,0.00721682836685449,0.0004653406591116714,0.0011117403482817968,0.0007180801483694343,0.003756153272551892,0.000394100296772693,0.19781750429802702,0.0010846077036693333,0.007245361016330008,0.0033611937002678135,0.0013514650026678562,0.0002788949112992877,2.4880150682026754e-05,0.0003514698085132652,1.1004343951676297e-05,0.0011928795614998503,6.48971304779511e-05,6.33886575366069e-05,5.656166822553876e-05,0.006070406246294446,4.9506400067051966e-05,0.004270488943463207,6.172750766063387e-05,2.1735781121221275e-05,0.00022835195195816462,0.008166491204592896,0.0005679345231365057,0.00046114527245241484,0.003649160130327962,3.2546746340776476e-05,7.19069754801795e-05,9.384021676414462e-05,0.007793241216377656,0.001790715187252277,0.009212918090400332,0.00012477212503579966,6.086321267290408e-05,8.791258128678455e-06,0.0005729854946071472,0.006836542382644677,0.0005477778250357517,0.002897820134095634,6.0409223186210606e-05,0.004654616388462209,0.006151744749012507,0.3303725571946525,6.912060927090939e-05,0.0005331658878498312,0.124717360383164,0.0008142936259736655,0.016695627775383654,7.457889863355532e-05,0.014274584635284119,0.000618636778403842,7.623529294513602e-05,7.100983929528636e-05,0.010897701742163675,0.00039798135153514523,0.006813238016849237
KlemmIne,0.0001472029490172047,9.284019646051153e-05,6.113155374851904e-05,0.04314209433828457,5.336187682911196e-05,4.628041679002991e-05,0.0015630548201038966,0.0019729589059459614,0.0007020098103288632,4.653263758279442e-05,0.00470833941729421,7.823938256310989e-05,4.729525220151497e-05,5.7446624797813596e-05,6.370741085941517e-05,6.239318917979154e-05,0.00010133860956905585,0.0008681596421147696,4.934138330557534e-05,4.716455123273133e-05,0.0048000763557153785,0.0009012516639515001,3.173888376926056e-05,5.2670229033273475e-05,0.00011156590004006348,0.003221124774420924,0.004514128018246888,0.04006705477319894,7.667683148956814e-05,0.000739570397854306,0.0015840926511697352,5.2007600222907e-05,7.467423285395252e-05,5.85655151183625e-05,5.184113711296702e-05,4.673630933237246e-05,6.183618469564621e-05,0.00010301754477637473,0.00025850902133528464,0.0001705664362819048,4.354700428819167e-05,6.32244795121898e-05,0.0005981686266201912,0.0769730997232338,4.864734026737448e-05,0.00474274957840471,9.876636579340957e-05,0.1684240658309487,0.0007123175984565736,0.03608718856645892,0.006415089397538816,0.0014778764384815114,0.00011018979517989666,2.3575697791139835e-05,0.0010987329182533994,1.0427392129175971e-05,8.501100308279928e-05,6.149460890385888e-05,6.006522438583134e-05,5.359617044488107e-05,5.10742878860861e-05,4.691080619344301e-05,8.121519879148376e-05,0.016891570367059273,2.05961858317223e-05,3.689838097741755e-05,7.637791776034062e-05,0.000105723979269701,0.002292372921835373,0.00029662112792533884,3.0840337971479155e-05,6.813693151064726e-05,8.892022477518514e-05,0.000677045942147561,0.00014035732110766148,0.0002044151806568018,0.0020429534963810796,5.7672187235225004e-05,8.330337203116217e-06,5.4966682694368e-05,8.058160889789115e-05,7.219574205113776e-05,0.005989406014126354,5.724200017262912e-05,0.0007905642570820803,0.001556659931352447,0.3410576954957929,0.012412289396173615,4.2963869005875473e-05,0.1641465199749942,0.00016098671135893452,0.04129146215696544,7.066876717314148e-05,6.190082871032001e-05,3.452256817060027e-05,0.0006050509228979755,6.728683169240903e-05,6.081821084794197e-05,4.979526846781476e-05,4.195843984718883e-05
MenzhausenJoachim,0.00011190818348457074,7.057995651318115e-05,0.022202664885142956,0.048860043279051704,4.0567330635302116e-05,3.5183788154101464e-05,5.913311111861365e-05,0.00344349045553135,5.1869745233368126e-05,0.009244077977787429,7.114250160014435e-05,5.9479971278070604e-05,3.595529706878917e-05,4.367268095757191e-05,4.8432321983905616e-05,4.743321047259097e-05,7.704071004990504e-05,0.00012531785616900815,3.7510828507224406e-05,3.5855934195328396e-05,3.470533327737072e-05,0.018973171210385924,2.412887005429648e-05,4.004151882949152e-05,8.481580902867186e-05,0.002361561985438091,6.599406067401232e-05,5.6155019432764934e-05,5.829207216727773e-05,2.756038026980704e-05,5.051661212778552e-05,3.9537768143871926e-05,5.676963544263932e-05,4.4523295596255156e-05,3.941121779705519e-05,3.553037160652772e-05,0.0034556544984002675,7.83170879383451e-05,0.00019652646353317957,0.00012966982098647735,3.310576437919097e-05,4.8065182805131216e-05,3.907336575073661e-05,0.0001302196408354245,0.03949571640802613,0.0001045397855550646,0.0017376317693147735,0.17572155931103248,5.9706040992496826e-05,0.18270267747914168,5.875133233509395e-05,4.514290518067912e-05,8.376965203106773e-05,1.792296643376979e-05,8.733834141569653e-05,7.927222378682369e-06,6.462796428136277e-05,0.006953276915022268,4.566342044428056e-05,4.0745447806987886e-05,3.8828235563616724e-05,3.5663029456635604e-05,6.174227777890123e-05,4.446677441713343e-05,1.56578503251927e-05,2.805127761551318e-05,5.8064828809186556e-05,8.03746022061589e-05,6.58232661698064e-05,1.9130975414240133e-05,2.3445768060221316e-05,0.0009039609639855691,6.75998741605782e-05,3.2891449217089214e-05,0.000958865112742861,0.00015540267159524888,0.0009093728616388664,4.384416042046113e-05,6.332977093452007e-06,4.178735313094974e-05,6.126060336583866e-05,5.488541093914357e-05,0.00013378108227958682,4.3517119059846885e-05,6.632747150775803e-05,2.966141959740255e-05,0.27973543462761213,4.979255856112254e-05,3.2662447104602046e-05,0.148298727874424,0.018017771904935174,0.031504077502456575,5.372455794017815e-05,4.705890298673039e-05,2.624511206458262e-05,5.491777819141482e-05,5.115350716410204e-05,4.6235863780003206e-05,3.785588588790819e-05,3.189808911094612e-05
MenzhausenJoachim+MenzhausenIngelore,0.021798949853730726,3.658900648266954e-05,2.4092396415289967e-05,0.06253284656001497,2.1030309409759997e-05,0.0006348159993464363,3.065490392667008e-05,0.00123674206177498,2.68895383102653e-05,0.0004518287892991778,3.6880632701365366e-05,3.0834717987904045e-05,1.8639407879069633e-05,2.2640138725130362e-05,2.5107560709658976e-05,0.02037161562076454,3.993829379760361e-05,6.496541055400046e-05,1.9445803245355688e-05,1.8587897662843953e-05,1.7991420326700303e-05,0.00035518993099994,1.25085282911903e-05,2.0757725909827204e-05,4.3968944438278624e-05,3.078619695493106e-05,3.4211654882052465e-05,2.911104613214187e-05,0.009278867088950983,1.4287440545085062e-05,0.014716009746539707,2.0496579006196827e-05,2.942966618067887e-05,0.014125309913761722,2.0430974666256543e-05,1.841912436996274e-05,0.012162088233791784,4.059997455148302e-05,0.00010188031281779372,0.001830000092642765,1.716219571852074e-05,2.4917233902221663e-05,0.03816736997569341,6.750652052057162e-05,1.9172275762733658e-05,5.419395364259913e-05,3.8924553545315246e-05,0.3378240507618953,3.095191367143119e-05,0.06953006573975198,3.0456987874073618e-05,2.3402310399466815e-05,4.342661135876047e-05,9.29135646196343e-06,4.527663798785652e-05,4.109512180685346e-06,0.028814140444680787,2.4235479130954063e-05,0.013588356151155995,0.002719307363228708,2.0128753727446858e-05,1.8487894870503752e-05,0.0034999269768705397,2.3051800791460974e-05,8.117108813266667e-06,1.4541924212286133e-05,0.00037352436506192836,4.16666003557911e-05,3.412311414712121e-05,9.917594428110321e-06,1.2154404762014254e-05,2.6853267483253268e-05,0.0009344390223751664,1.7051093654381457e-05,5.53158559297393e-05,8.056153105393465e-05,2.965882260261985e-05,2.2729034546114987e-05,3.2830473603880597e-06,2.1662775242944737e-05,3.175780666947484e-05,2.845287466677851e-05,0.00963600278852394,0.005224438696273665,0.009463971389769631,1.537662996054433e-05,0.16080501418454313,2.581271423199725e-05,1.6932377800868955e-05,0.09752143885093156,6.344605084976696e-05,0.0005617853542056807,2.7851082599980646e-05,2.4395573354131506e-05,1.360559885425863e-05,2.846965401408454e-05,2.6518236872092605e-05,2.3968905666049166e-05,1.962468273696282e-05,0.05977218408212455
ZeibigBrigitte,0.00023257521727574284,0.04307699439159902,0.0027732300694456183,0.04444779381478532,8.430979257297178e-05,7.312134751656393e-05,0.00012289446346434464,0.009404061501992243,0.00010779924123557016,7.35198470443913e-05,0.00014785319761241825,0.00012361533189803625,7.472474994770623e-05,0.0012581667035123127,0.00010065535386095493,0.0012659820923587276,0.00016011125657672422,0.0021991761085702857,7.795756144556266e-05,7.451824724910149e-05,7.212698996873132e-05,0.02283710010600176,5.014626295197593e-05,8.32170146261217e-05,0.0001762699974125535,0.004793033453389562,0.00013715335663796516,0.00011670519026427664,0.00116107773081589,5.727786145627177e-05,0.00010498706775338898,8.21700856034799e-05,0.004787595167819535,9.253134868869727e-05,8.19070800440144e-05,7.384164087888627e-05,9.769888570240826e-05,0.00016276391213314244,0.0004084346964935143,0.0002694886633933857,0.001839337606949661,9.98923401865534e-05,8.12049328852222e-05,0.00027063133649247144,0.028188474929436717,0.00021726171029112857,0.023651737663407647,0.2586754847797719,0.00012408516539294022,0.00021285890700755716,0.00012210102476516518,9.381906357456848e-05,0.00017409580260880074,3.724873090389225e-05,0.00018151249621584935,1.6474894057855204e-05,0.00013431424196875646,9.715920857964663e-05,9.490083388625967e-05,8.467996782391546e-05,8.069548661636073e-05,7.411733946812064e-05,0.029571406232001156,0.003633483782781011,3.2541212162157206e-05,5.829807779150905e-05,0.00012067428632901226,0.00016703997857430664,0.00013679839985390272,3.975929753410386e-05,4.872659381121023e-05,0.00010765383272813862,0.00014049066771672957,0.0020070892476319476,0.00022175937826515716,0.0003229684280996286,0.0001189012074365836,9.111992366015733e-05,1.3161624803918745e-05,8.684532650954253e-05,0.00012731596291364557,0.00011406660332573779,0.00027803296693535714,9.044024400549873e-05,0.0011777774456117058,0.0010310103822419943,0.37967443606483214,0.00010348229026222403,6.788132463213408e-05,0.07287345376888951,0.00025435305218264283,0.04564002513326466,0.0001116540394715868,0.004944631008844027,5.454438139180024e-05,0.00011413387115634094,0.00010631070644398059,9.60905246580804e-05,7.867468322153891e-05,6.629278373266454e-05
