0	0,01194	mensch freiheit welt winzig entstehen strom gesellschaft mord bereich ursache gedicht sommerfeld inner anpassung umbringen weltall dimension außen äußer kausalität gerechtigkeit dichtung verfluchen handlung bewusstsein außerirdisch rakete zeitablauf kausal begründend undurchdringlich atom ganzheit unwiderruflich naturseiden schandtat totschlag häuschen modeln durchsetzung sonnensystem unendlichkeit unendlich weitererzählen atomstation kabarett fußball olympia-stadion besserung energie 
1	0,01189	kirche gott tod individuum sterben leben evangelisch telegramm öffentlich reaktion bürger erfahrung körperschaft schmerz hof trösten pfarrer christlich individuell schwägerin beerdigung beweisen heftigkeit bischof funktionär paradies bevorstehend gütig seilstraßenbahn verdutzt aufsetzen begrenzt feier einäscherung verscheiden partner erde subjekt entschluss existenz passend dieb sarg krieg anspruch falsch regelmäßig helfen gesprächsstoff jahresring 
2	0,0142	wasser mangel haut gleiten brett klassisch schälen inständig anschicken nationale symbolisch schach antlitz eisschrank bauernsohn ausziehen damensprung graf beckenrand begabung freundwillig spannend schwimmabzeichen jüngling radio schur erbe formulieren wahrscheinliche unwahrscheinliche leichtfertig bauarbeiter soziale überkommen synchron rudern butter karton gartenheim erstgenannt schuhwerk umbiegung auftun verehrungsformel aufbauwerk bauern-macht frager erdball nachsende-aktion ansichtsexemplar 
3	0,00898	wasserzeichen meistern bekömmlich ministerpräsident schauspieler reiseführer niedstraße geburtstag kurieren dinglauf beichtvater reichsschrifttumskammer vorzimmer privatleben pressebericht briefroman organisiert überbringen entwickeln vorweisen reihenfetischist mathematik mineralwasser öffentlichkeit winken verkennen bitter unverhohlen schwerlich führer grenzübertritt weisen patient distinguiert angesicht krankenhaus disput besteigen underberg sprachphysikalisch abwarten russisch knopf begeben stätte allied hurtig juniwoche inkompetent suggestiv 
4	0,01953	ostdeutsch programm kanal fernsehen sendung besprechung westdeutsch richtung westlich produktion umgebung tagesspiegel politisch vertreten blick information adlershof instanz langeweile wohnung zeitung kunde ostprogramm konsument ankündigung erschrecken senden abonnent kenntnis pharmakologie journalismus dramaturgie ungeteilt feststellen gegenwärtig fernsehfunk bürger ideologie begrüßen leser erwerben serie bote dienstag juni fernsehapparat gefragt hauschild journalist tageszeitung 
5	0,00498	ball publikum keule piano sand erhoben base spielfeld knien platte anblick album ragtime solo wartend zeremoniell abrollen siebent nationalhymne abgleiten besen fahrbahn matte ballen einheimische eckig synoptisch simultan foreigner japanisch sichtlich umsitzende miss brust leere uniform sandberg leuchten version schwingen ragen stadium enden synchron geschickt weich ausrufen klaviermusik vocal-piano zez 
6	0,0109	halle präsident beauftragen partitur attentat gewehr erschießen symphonie rang ross achtung kautabak gasherd ml kolportieren quittung standpunkt phantasie bestrebt beißen ersichtlich prozentsatz polnisch psychologisch genehmigen begräbnis stierstraße volkspolizei sarg politisch ausgesprochen vetter gründerjahr aufführung scheuen takt spezial-salatschüssel zirkulieren sympathetisch tobend zubereitung knoblauchwolke vokalisch instrumental untermauern leiterregal bulgarisch whiskyglas volksempfänger gelage 
7	0,02847	haus meter katze dach küche streichen garten automatisch fußboden britisch schwarz schräg wohnzimmer verheiraten zaun badezimmer angelsachse elektrisch mitbürger beton lyrisch anschließen verdienst olympisch fahrrad ehe gedeihen ergehen wundern einfallen bogen londoner standuhr makler feucht zerknautscht geländer strandpromenade liguster vorplatz adlershof bär überhören einkaufsweg dilemma atomare suite telephongespräch gericht balken 
8	0,01527	viert erörterung variation phase arbeitsmöglichkeit linguistik abhören reiseroute quader spitze bela-band unnütz erkundigung nachrichtenpolitik abenteuerlich zwiebel leids-ordner schreibmaschinenpapier schnelle jerusalemer feinweiß falsifizieren surrogat rezensent dirigent münzsammler bevorzugen aufstellung schriftliche besetzen recherche gewiss monolog rührend warnung schlafplatz wach po wiegenfest fremdenlegion autoscheinwerfer kosmonautenmythos alternativlos mysterium unzweckmäßig umfangslimit dreiviertel-krank-sein spezialinteresse linguistisch-psychologisch zerbröckelt 
9	0,00362	bambus rand bleibe absatz lauf schlimm papier krumm naxosfaden sender außen intellektuelle kilometer version dose parallele loyalität gebet ornamental treppenhaus bewenden hässlich bitterlich motel frequenz angeboten virtuose durchdringen schriftgrad schriftzeichen apotheker nymphenburg kinn adjektiv unendlich kaffee stützen unglaublich gemse talent mischen brieflich konflikt irrsinnig abschicken telefonieren fangen stunde freitag krumme 
10	0,0016	kapitalistisch kind unnötig träumen feder stadtbezirk infektion entwickelt planmäßig höhe bewusst jugendliche i.-kind klassenfeind passagier tieflandsbucht instrument erläutern südlich individuum achten usance dch mappe sitz beifahrer essbar helenenstraße exkursion umhang ostplatz strassenseite abfall anfall schaufel innenklima einklemmen zentralbibliothek uniturm bäuerlich verzehr scheinwerfer gips unerbittlich löhrstraße spaziergänger bewirten untergegangen einsatz braunkohlenreich 
11	0,01172	klemmen frau benutzen genosse genossin turm hose straßenbahn bebel-straße schild trauma fassung heizen veröffentlichen beiläufig ostbahnhof sohn miete küche kind reisekader brockhaus sinfonie taube empfinden ofen mantel kapitalistisch bahnsteig plast heizer östlich gemahnen erziehen strecken finster hausherr sächsische telefongespräch salon kontakt organ komponist fieber selbstverkehr zehnt strassenbahnhof löchern maul treppenhaus 
12	0,01718	welle radio kloster wind begrenzt eilbote naivität gebrauchsanweisung biographie widerstand batterie brav verkäufer trost aushändigen fabel bisherig dialekt fahrrad dänisch ostwind rügen norddeich kräftig andeuten zigarette feder beständig gemütsleben trinkgeld garnieren faschismus interviewen kommerziell pfiff bibliographie vorausschicken parat zahlreich endpunkt gehörig entstammen strand werckmeister begrüßung zuständigkeit sachverhaltszusammenhang wiedergabe soziologisch eingreifen 
13	0,00994	student referat tagung dr germanistentagung studentisch verband intern germanistik veranstalter bangen miss tagesspiegel diskussion professor pass nachzählen atelierspiel kabinettstück schlangenkönigin tagungsprogramm applaudieren dämpfen freitagabend nachlese referent salut diplomarbeit ansatz verlauf durchführen schmelzen greifbar verbindlichkeit anrollen sonderling vorübergehend wissenschaftlich fach stürmisch abhalten bezug schreien exil doktor anmelden mitteilung vorsehung wortesetzer flink 
14	0,01386	avenue beschreiben drive quadratmeter yard norden block park überlegenheit spanisch stockwerk gegend hotel falkner lesebuch apartment turm station broadway entsinnen square spielplatz reiten wohnung atlantik neger vorplatz untergrundbahn bridge beistand fahrstuhl leise blick literatur dellen separiert county bay unweigerlich gelaechte fahrbar drehbar ausspruch zügig einfassen ausstellend terrasse graben u.s.-amerikanische stützpunkt 
15	0,48265	brief verstehen schreiben grund genau lassen text frage geschichte art meinung verhalten sinn verhältnis bringen neu bürgerheim stellen sehen halten geben haltung wort glauben scheinen gewiss deutlich satz sicher letzt sprechen liegen situation fall zusammenhang versuch form problem literatur verschieden wünschen versuchen punkt sprache allgemein person nehmen absicht beschreiben ding 
16	0,01825	tagen besuchen formen genosse tapfer lachen urteilen voll wassern nahen vorweisen kragen übung beinen relativität leserlich weigel freunden verzeihen eintreffen wettern erwähnen jung prinzipienlosigkeit charmant schleusen schwein soldat code mobiliar ausgang wachsam beantwortung schmuckstück vermerken vorstoßen zuweisen staatsexamen faust ausrichtung bootsreise aufzeichnen grenzen gegenentwurf anfragen sonnenbrille wandeln einschätzen sieger stellvertreter 
17	0,01237	gebrochen benutzer zugänglich beliebt anstreichen schlafzimmer werten vorschrift mantel pfeifen sinnen weben gesichtshälfte presseorgan missbrauch unerwartet artikuliert jugoslawisch buchproduktion konzept gangschaltung rosenbusch eindringlich fischen klempner quittieren regenbogen schwere qualität pensionieren notizbuch sozialistisch strafarbeit küche zuversicht erfreulich einsamkeit rohr erhängen mangeln tod poetisch jahr anblick propagandist dynamische bauchschmerz wiesenfarbe ablick notar 
18	0,01426	see boot zeltplatz strecke nebel vorteil zelten nachteil weiterfahren ufer kanal langweilig zelt ware ober blatt anlage fahrt stark route heuen liebste aussteigen ermutigen streifen wasser wunsch flaschenhals weiterfahrt lokalzug umtragen verkrauten sport-fest ausnehmend viktualien zippelsförde befahrbar kielstreifen imprägnieren weitergehen aufregend sprengen faltboot arrangement streitsüchtigkeit zierker kammerkanal wunschgemäß einmischung darlegen 
19	0,00666	drachen stadt kleinstadt barbier verhaften erben belagern baukombinat chefingenieur krimi tote schuldbewusstsein mangelhaft durchnässen erlass komitee honoratioren erschlagen töten jungfrau entfernung zulegen kamerad verbrechen opfer gefängnis behandeln vorverlegen kriminalistisch külz-straße sitzungstisch verliebt pflichterfüllung ak wurstware sergeant justizirrtum verkörperung dienstlaster durchstecherei eingepasst parkett zulage neubauwohnung baugemeinschaft abzweigen baumaterial aussagen idiotisch neunzehnhundertfünfzig 
20	0,01039	förmlich entfernung beschweren veranstalter ungeduld schüchtern quengelein hand pflichtmäßig unpassende misere klettenbergstrasse benutzbar zeitraubend vernachlässigung sibirisch entgegnung weltstelle diesmalnochnichtsein verbittert tasten reinlich lenken bundesbahn schriftverkehr beziehbar vereinen sanft lebensfülle kräftig stilform anzeichen rohrpostkarte küste auftritt jenseitig gemüt bedeutsame analytische september-schriftstellerkongress nächtlich-privat beistellen rekognoszieren einzubekennen influss coca ellenbogen aula transportfähig übertreibung 
21	0,02197	musik musikalisch musiker üblich ostern signal konzert quinte entfremdung einstellung befriedigung land vorübergehend rebus leer erhalten mutter notierung zwischenzeit solist bitteschön osterfeiertag besuchserlaubnis übernachtung befehl verspätet perfekt schreibfaulheit gewandhaus weihnachtsferien abschneiden naiv wunderbar geige entschuldigung eintritt gemeint intensiv versöhnung verfahrensweise verlieben kommunizieren verbrauch deuten endgültig klagen ergebnis negation einverständnis ort 
22	0,01029	nachgehen direktor verbreiten kellner vorzüglich uhrenturm apostel nachschlagen hütte neuendorf pop wetten poet erholung dorf individuum viertel aufnahme lieben akademie-adresse unerschüttert lehrverpflichtung reise-erlaubnis geschäftslage aushängen familienbild schild-drüse überlastung bezüglich sold imperialist halde handbetrieben watzmann-jubiläums-überquerung parker jazz weihnachtsnacht weglaufen enstehen rasse juwel beauftragt plausibel gefährdet gackern krähen hühnervogel bernstein mästen fürstlich 
23	0,00901	hafen sichern bücherei umsteigen zuträglich prominent tadellos mitmachen unglück lächeln prämie anfänglich stahlwerk erwidern umschleichen nimbus asphaltwüste aufschießen schulden dabeigewesen verarmt erdenwandel nachtruhe unseld-verlag aufsägen schier theeblättern ausschreiten viehzucht irrweg maria kirchenälteste käuferin agentur auslandsgeschäft zehnmarkschein pergamon-altar holzfällerjacke kanadisch restbetrag anzahlen antiquitäten-laden ostküste hafenstadt stichbahn wegwill delphin kassenmaschine mimisch ausländische 
24	0,00792	öffentlich zitat million merkwürdig hager reimen rot stimmen stattsapparat eibuße regisseur test aufrührerisch fähnchen umgegend klammer gesichtsfarbe geheim übergangsperiode mangelnd erachten expedieren kürze isolieren vermeinen psychosenblatt alarm alkoholgespenst rempeln überschuss verwechseln strukturell absatz unverständlich gleichgültig bemüht behauptung absolut komma vorehelich ehrenmann halsstarrigkeit bereinigen unzureichend einsilbig armbanduhr urverwunderung unverwendbar gemütsbewegend integer 
25	0,00975	nelke schwanken ferne archiv sowjetisch schwärmen copyright charakter landkarte übrige fortschrittlich einschalten gebiet verordnung einfuhr entrüstung einschuss albanisch widerfahren asphalt monarch stalinallee glied unauffällig gestaltung zurücknehmen zugänglich durchnehmen erfurter tödlich schwarze schwimmen berühren reaktionär symposion hingeben frühstücken blamage verlängern siegergruppe fähigkeit philharmoniker programmgestalter unglaubhaft bekenntnis anzug sondergenehmigung erteilung kolportiert oszillation 
26	0,01172	apparat sozial atmosphäre gesellschaftlich bewusstsein konzeption motiv lektorat weller reproduktion totalvision story ziel gestehen begreifen manier subversiv verboten kennzeichnend hausen berauben meteorologisch antrieb tierpark offensiv sofa unterstellung umstellung frostig falschliegend richtigstellung kalbskeule wettbewerb vereinzelt zwirn akademisch bestandteil entwerfen begriff wahrhaft verfahrensweise innenansicht willig selbstverständlich zugang ehrwürdig technik ergehen textkritik mitgeteilt 
27	0,00927	karsch rahmen politik lernen widerstand unglück reise proportion motiv wiedervereinigung hallstein-doktrin staatstheorie dritte biographie dünn einsicht heldenhaft grundlos verkriechen leute-schicksal flüchtlingslager beschränktheit reporter voreingenommen beherbergungswesen erprobung teilung landdachboden tegel unberaten ausnehmen berichtigung vernachlässigung liste rückfahrt ironisch anweisung verbindlichkeit verlängerung radrennfahrer umzug zucker vorzeigen gesundheit realität verderben ausweglosigkeit versauen abschreckend verbissenheit 
28	0,0206	insel marine parade regierung küste regnen grabstein steilküste jubilar blume protokoll zeichen silber höflichkeit friedhof besitz stützen fahrrad ostsee entziffern gebunden jährlich engländer satzzeichen schießen stapel schaf königlich reportage englische spaziergang empfindlich schriftstellertreffen leuchtturm firma hafen reisende fällig verlegenheit komma reichsbahn wesen bedienen feuer bedruckt abweichen allmonatlich oberstufe zugvogel zeitweilig 
29	0,0092	münchner einführen scharnhorst mozart-konzert amsel nordöstlich missen unklar veröffentlichen erraten unrecht teppich verloben kollektion abendessen rübenberg kondensstreifen fliegend umgebung ruhen erscheinen quartier radioverkleidung achtstundenglas kurfürst späte schwiegermütterlich eilpäckchen schmuckseite schützenverein jungschütze altschütze gebietsreform kaktus mozart-gedenk-spiel auffordernd nordwind schliere abräumen himmelshälfte entgegenfliegen eichelhäher rotkehlchen abschreibungstrick kaffeekanne angestrengt gedeck schläfrig beule dickbauchig 
30	0,00891	mathematik satz nadelbrücke feder pinsel lateiner auskriechen röchelnd schweigsam kur nimmermüde hinrichtung anbieten herzlichkeit historie übereinstimmen erleiden umgehend mutmaßen karton gummiring beachten halterung fingernagel ledig einlegen tonarm nadelsystem verdacht nadel zwinkernd ledermöbel febr intakt ostblock erdulden flirten singend schlumperhose preisen westware eindrucksvoll gesprächig weihnachtsurlaub überdimensional gefordert mathe physik gehoben uni 
31	0,01417	grad zeitgeist jude moskauer kulturministerium supplement kopfbedeckung kosmonaut zutun verabschiedung komsomol anschließen agent abbreviatur eingeschrieben kader memorial neurose cover separat hobby gewissen bedürfnis winter beanspruchen gesine-geschichte gebündelt philosophieverbot absprung nachdrücklichkeit abendblatt rentabel aktualität hamburger luxusetablissement koppel u-bahnstation monopolkapitalismus linde langmut fläschchen unwirsch unterstehen einprägsam hübsche wandschmuck mitscherlich steuerjahr konferenzzimmer fügung 
32	0,0123	projekt verehrt bloß langwierig glatt passen besitzen zeug briefroman ratschlag forschen innerlich unterbringung verehrlich ausführlichkeit erdenklich prototypisch krude bewilligung binär stilistisch bereichern hermetisch schämen abschließend kommentarlos anhaltend heim grußlos apo erregung wodka beurteilung neigen zusammenhängend angelegenheit unmöglich dirigieren klau entschieden zusammengebrochen radsportverband rohstoff nachahmung schritthalten silbe speicher beistellung sonnabendverhältnis kulturvoll 
33	0,01105	alltag jacke gesamtausgabe marke postleitzahl engel fußweg bedingen absolvieren staatsgrenze trauma glueckwunsch bedecken rhythmus objektiv diffus diebstahl unverändert vertretung rinnen pfingsten opus welle wand jahrestag brille urheberrecht mahlerbüchlein autowunsch doppelstockwagen sprachwissenschaftlich gesamtsituation hinwegtäuschen vertikal beat briefaufschrift kugelschreiber autoschreibmaschine staatsfeiertag videomaterial fernseh-interview ministerrat apartment-tür unkorrekt vermessung kaffeebesuch inskribieren augustusplatz vorübergehende hinzunehmen 
34	0,01474	zählen schweizerisch gehört hitze operator signal sonnenbrand schwägerin hafen anschrift biograph bedeckt wächter zwanzigst nachfolger übereinkunft resolut schafskopf ausgehen aufbrauchen baden kleinkünstler entgehen heutig schiff zweifel schrei beschließen hinterherwerfen höllenmaschine schulzeit grußformel vielgerühmt mahnen ohr fragen apparat orientierungserlebnis kletterpartie lorbeerkranz ledertasche selterwasser walfisch funkstreife generalstaatsanwalt gleichaltrig unterscheidbar überflüssigkeit vorovrgestern insekt 
35	0,01533	himmel technik erzähler baum erzählung gleichgültig bruder weyrauch regierung ulysses gedacht sommerfeld wolke autor einwand titel monolog technisch zweckmäßig fiktion lebensweise metaphysik dokument student atombombe wasser boot sinnvoll leihbibliothek sternchen erzählend abstand assoziation scheinbar phänomen unterlaufen verschiedentlich pfeife kindheit immanent ndl leugnen optik leser angemessen tradition gleiche entbehren paddelboot wind 
36	0,01848	our card abouten program message name lesen fassung cent letter west club samen wellen musik glas most see suchen city weiße high after hart übersetzung still september building different sound taub golden mord too these sponsor rang matt nativ zitieren personal april step workshop checken did kindergärtnerin fluegel individual background 
37	0,00545	syntaktisch distanz klingen zweideutig staatlich stadt reflexivpronomen etappe augenfarbe aufbrechen kundgabe autobahngebühr anschluss weststadt liniennetz organisch kurzdarstellung eindeutig reich mörder arm distanzlos kreisen bezahlung vergleich eng rein trennung ansicht angerissen baedeker nichtachtung tarifsystem radargerät seelenvoll falschmünzerbrief wagner rheingold geil abermalsspiegelung sortieren verbrüdern kamel kontrakt vergroß vergüten sonderwunsch gourmet zusammengestrichen preisklasse 
38	0,01332	bohle heiser ungenau nackt vorwand mittenwald sachwalter steinhaus dasitzen matt vortrag nachbar bodenerhebung global bundesgebiet zahlung neger werbung staatsgrenze hochzeitsstopfer enthaltend kausalität inventarliste verscheiden botschaft beschrieben heuen schriftstück ausführung anfertigen riesig trend behang verfehlung beantworten formulierungsweise kollektiv rue hügelfalte beichtstuhl gangster baldfolgend weißbiergewisper ausgeprägt schwören vorwissen rückenschlafen unangreifbar monadisch umwenden 
39	0,04844	bürgerheim band telephon linguist beiläufig grammatik beschäftigen buchhandlung aufsatz umarmung dichter sowjetisch madam expedieren amt entnehmen juli feier schaffnergeschichte zuneigung hack chinese verzögerung erweisen leipziger posten reitend tabak evangelisch akademie bote titel grenze deutsch post fachliteratur systematisch ambition überschreiten arbeitsstelle tschaikowskistraße freundwillig räumlich prämisse verfassen vermerken bekundung eindeutig geteilt plostflugzeug 
40	0,02047	anruf betrag verabreden arg verleger zweideutigkeit scheck taufrisch abverlangen krise zeichen intransigenz bahnsteig sekunde ableiten konto geschwindigkeit diskutieren lustlos kennen besprechen anwalt vertraulich etablissement begleitung froh beilage zahlung vorausgreifend überweisung instrumentarium bosheit genussmittel schauer staatsorgan vorschreiben einsteigen leibesvisitation wegziehen erledigt heranziehen durchreisend antenne empörung irrtümlich zurückfahren belang eindringlich zurückweisen jänner 
41	0,00353	sprache gesprochen geschrieben schriftsprache konvention prosa eigenschaft phonetisch exakt intonation eigentümlichkeit erfassen spezifisch speziell regel genauigkeit vorlesen differenzierung differenziert schrift interpunktionssystem porträtieren reflektieren psychologisch-pragmatisch schriftsystem untersystem aggregatszustand realisierung rezipieren adäquat akzentuierung realisation akzentuieren graphisch skizziert anpassen dilemma rezeption einheitlich reduziert letztere erschließen schwach verletzen bedürfen anführen tradition annahme schule führen 
42	0,00982	partei baum nachbar feuerbachthese indianer generös pistole park verständigen unverdrossen brüsk marxismus ahorn beschatten speck bratkartoffel ostseite bartender harmonie gemeinde kantig lauterplatz ast bettag untergrundbahn feuilleton flug passen blöd reisende bügeln sträflingsjacke sekt aufraffen ausspielen berlinansicht degradierung sch sturz uni-buchhandlung gesamtzweck macke spiegelmasche plattdeutsch aufgeführt aufpappen gewitzt unausgesetzt rückkopplung hervorstechend 
43	0,01209	b@card dunkeln verehren genießen fassen germanisch philologie empfinden hinsetzen general hineingehen nebelgesicht fromme perle anheben umstehen ingenieur bearbeiter aufkaufen brikett schreiten mutig all tinte genugtuung herausgeber tonband klären verbrüderung formalismus aufmunterung abschrift vorbild verfasser anmaßend entwurf walt ferne apparat schiffen unentzifferbar schnauzen solidität flaschenpost akzeptabel quellen menschenverbrüderung nudel geisterhaft bairisch 
44	0,01096	gratulieren einzelhandlung versuchsperson unterlaufen persönlich-privat experiment blatt schlag missverständnis anerkennung jahrestag briefwechsel ausdrücklich gram schlimmste abs kündigung zustehen nibelungenlied abrupt erhebung retten beitrag stromstoß gekoppelt gedächtniskirche tic arbeitsprozess ueber verblichen tilgen starrsinn zurückgegeben entfremden kennzeichnen wohlfühlen vorbedingung verwandtschaft kniekehle ausführen einklage demonstrieren schauspieler druck beklagen landhaus vorenthalten folge ausgefallen böse 
45	0,01244	flasche enkel rauh stürmisch fröhlich romantisch maler redaktionsschluss amüsant kampf habend idylle scotch kartoffelsalat findling schwiegervater enzian mehrfach profitieren verblieben augenschein arbeitsmaterial hase dienststelle leinen hinstellen vergnügung versonnen angelegenheit gründen ausgewählt lebenswerk waschen romanisch geschenkt hoffnungslos englischkurs kennenlernen viertel schrei übermäßig schüchtern arbeitszimmer salon grüne verdammen fahrt abend diagonale eheleute 
46	0,00678	name träger ding substanz magisch namensträger identifizieren eigenschaft zeichen sozialpsychologisch benennen projektion klasse tier zuordnung sozial logisch bedeutung gegenstand vorrational frühform tabu totem wichtigkeit schreibung namensgebung taufe prädikator personenname namenträger zuordnen kalkülelement substanzgemeinschaft omen klassifizieren logik pragmatisch wechseln besagen abhörgrenze linguistisch nennung konventionell auswechseln trennen früh gott tragen sonne spielen 
47	0,00977	sohn prozess jugendliche ost-berliner gefängnis verurteilen terminal tüte protestaktion jährig stadtgericht besetzung wiederholt schimpfwort laben zeitgeschichte elefant unwillkürlich gegenwehr ermessen urheber bildhauerin marxismus-leninismus haft häuserwand bewährung verantworten vorwerfen gericht stellvertretend sekretär direktor verhaftet vergleichen monat kriegen professor cousine strafe treppe angelus transkontinental bodenmechaniker jumbo-jet klinisch witzbold ehrenfest volkswirtschaftler abrechnen fiskus 
48	0,70915	bitten liebe lassen wünschen kind januar adresse november brief frau finden telefon jahr dr grüssen frage herr august gewiss land schicken bedanken besuch dezember nummer sendung gelegenheit nennen bekommen auskunft tatsächlich angehen mai mitteilen annehmen verlag märz bringen weißen oktober ansehen benutzen erklären gespräch erfahren hiesig geburtstag band april gelegentlich 
49	0,02412	bruder subjekt waldgesicht mensch schicksal psychologisch scheinen wesen kammerbruder teure persönliche herrschaft präzise steg erfolglos erstaunen wurm normal grundsatz einmalig leiten total seelenleben welle bestimmen zahllos ozean wut mama anliegen dame geschichte begegnen fassen beigegeben vollziehen allegro börse umspringen rosig gestohlen praktikum vers überindividuell überantworten gleichheit dosierung brutal währen vertagen 
50	1,92531	sagen sehen geben zeit tag schreiben lieb lassen brief herr stehen herzlich jahr nehmen liebe leben denken schön grüßen neu woche buch halten haus bleiben fahren lesen fragen alt liegen leute heißen letzt sitzen freund nah finden frau gruß kennen deutsch klein wort hören card spät bitten weise stellen post 
51	0,01229	symphonie premiere nazi vortragende kleiden erfindung absender unfertig dauer einflugschneise dankesansprache angora verleihung könig toben karlsbader vorführung aberglaube intendant adel zureichend lauschen abfangen umziehen sitzplatz eichen semester haften vortragen efeu vollständigkeit belohnen langdauernd bauart ansehen hiesig umbauen satzmelodie dichtmaschine beweiskraft androhung hausecke einverleiben bewusstseinsingenieurin überdenken umkopieren zusammenfügung geglückt hingeworfen bereitet 
52	0,00885	fachbereich magazin bloch verhaftung schriftsteller mörder beteiligung päckchen geb emigrieren redaktion behörde politisch übrig nummer aufenthaltsdauer berlin-friedrichstrasse bhf familienstand geburtsort geburtsdatum polizeipräsident kriminalspiel anzeigende meinungsäußerung bonner dossier doppelbrief asyl meinungsverschiedenheit trauerfeier staatsangehörigkeit familienname ausstellend angehörige wohnsitz justiz anm russe amerikanisiert streichung personalausweis zwielicht beabsichtigt verhaften jährig geschenkverordnung kommunist nachrichtenmagazin büro 
53	0,01254	dm neuhochdeutsch nibelungenlied wissenschaftlich bierwisch übersetzung einfügung mappe genitiv mütze ruck ausnahme geehrt zeremoniell dissertation park betten wiederholung wählen süße spiegelnd höfisch dämmerung umfangreich ungestört unzählig berichtigung umsetzen philologisch beikommen turm fruchtbar vollständig schulen neuhochdeutsche versroman mittelhochdeutsch prosaübertragung drittel retten einsetzen vereinbar frivol mauer einladen suchen modern gehör sehen rentenanspruch 
54	0,01197	onkel botschaft kommunist kürze begründen communiqué witz aufwachen kürzlich porto spritzbrunnen knoten umstehend abstellen kulturprominenz jahreskalender definiert enge golden revue republikanisch jüdisch bedauerlich durchziehen prosa schwitzen ersichtlich ausführung manager augenzeuge betten tagesspiegel gelten jahr bevollmächtigte produktionszweig texthersteller generalversammlung gefühlsleben vollendung auswurf verträumt unabgekratzt schaal-füllhaltertinte lädieren abb verknüpfen zusammensuchen heftpflaster reiszweck 
55	0,01405	hl tourist chinesisch dollar gewünschte ablehnung fünfer bundesbahn festland pförtner riechen fisch ritus geliebt rostocker cocktail loyal anbringen direktor glocke behörde handschrift sog volkseigen befleißigen gehäuse erleichtern wahrheit verehren unverhoffterding kompromittieren liberalismus kitsch missstand rauskommen aussperren sonntagszeitung schaendlich boxkampf ruehren pizza kapelle saum spaghetti heumarkt roastbeef fleischmarkt uebermorgen bildausschnitt negerin 
56	0,01381	sommerfeld erschreckend wertvoll biene pseudonym evangelisch strukturalismus umräumen verwischen ahnungslosigkeit terrasse vorhergehend bewandtnisse broschüre belanglos gebrüder weilen pochen ergreifend donnern verhandeln schrubben auskosten philologische sachliche kassandraruf ferment lti begriffen nachvollziehen abzeichen zuzug röntgenaufnahme abkunft mitempfinden moritat antiquariat wahlversammlung maschinenfabrik drittletzt applaus ahnden unrein pforte übermorgig ruhr besenkammer butler konfession verstorben 
57	0,01115	maßnahme dm abstatten ablauf stattfinden unterbindung schwebezustand außenpolitisch staatsanwalt kopfjäger republikflucht biologisch kirchentag befindlich vergießen querbahnsteig beantragen kybernetik geschildert bau phänomen liegestuhl gin alp zeitpunkt betrachtung kündigen handeln friedensvertrag aufruf wirksam straßenbahn unumgänglich gesamt möglichkeit verlängern angreifend flugverkehr durchführung furchtvorstellung wechselstube zuchthausstrafe grenzgänger polioerreger neutöner festspiel machaut-forscher holzplanke aufstören elektrokarren 
58	0,01307	arabisch angriff vorsatz araber israelisch parteinahme untersagen politik programm krieg gefährlich staatsbürgerschaft codewechsel tragfähig ressentiment gottvatermäßig antisemitismus zionismus blockade israeli kanadisch hervorrufen unhöflichkeit artikulieren weihnachtsfest provokation herkömmlich freihändig vielfache disposition allgemeinheit golf werkzeug erwartet eindeutigkeit isolieren analyse hergestellt kleinbahn hinauslaufen bergen delikat tenor darstellung verwickeln irritieren getränk bücherwunsch anthropologie struktural 
59	0,00907	provinzpresse obrigkeit greifswald verfertigen verwirrung abstrakt abendgebet flächenangabe metrik topologisch piper-verlag meldewesen zahnarzt monogramm herbstmesse lehrkörper volkserzähler parat wahren glanz proper fußen tragend schleppen testen stillen fünft heil luftpost dach unsichtbar beklommen idee welt lassen rosenthaler pelz übermittler verdikt merkwürdige parkettreihe kreuzung brechung deokumentarstück wegschneiden weiterhelfen mus stöckelabsatz kotzen sahnerentnerin 
60	0,02303	misstrauen vertrauen projekt reden anteilnahme verständlich vermuten verlust überfallen ansicht rätsel spontaneität risiko tausend widerlich mitleid verfehlen feige bewirken vorenthalten spott handlung begreifen funktion vorführen großwörterbuch anredeform kirchenkampf funktionär kreislauf vereist unbesehen vertrauensvoll erlaubt verletzung braustrasse puzzle oberschule nebelhorn blinde überwinden schürze vermasseln überwuchern frech hermetisch erhärten fürchterlich intellektuelle fass 
61	0,01424	fakultät jahreszeit ehepaar kritiker vereinigt schweigsamkeit schreibscheu philosophisch rezensent rigoros ehe bauch schauen brief winter poesie niederlassung experimentell achtend kriechen beetz-sommerfeld verhelfen verdrießen lockmittel vorgespiegelt professionell erwehren plazierung nachliefern privatpost stehlen regierungskrankenhaus renovieren maßgabe weltlage gehorsam klettern streich reichhaltig panzer lachen dollar beklommen beruhigen empfänger freitag untersuchen tetralogisch nachtausflug feilen 
62	0,00878	pfund schokolade tomate währung schädigen cognac trost abschied tafel gewinn kunst trip valuta kauf bewickelpapier röllchen schmeißen weihnachtsbrief geburtstagscarmen toast blumenvase präsidium ausrechnen honorarfrei weihnachtsfest würstchen vorrat stecker dürr jäger bescheren our regeln teilnahme wurst brite runde ministerpräsident personalien befleißen verkommen pfeffer eintragen kommunistisch munter verkäuferin ball küssen körper einsamkeit 
63	0,01667	ostdeutsch regierung sowjetisch amerikanisch bevölkerung maßnahme kommunistisch hiesig welt anerkennung verhaeltnisse atomwaffe landung herrschaft angelegenheit staat grenzverletzer presse-abteilung radarschirm vernichtung signal waffe angriff aktion benutzung neutral tribun jagdflugzeug kommunismus luftwaffe verbluten anwenden risiko atomar kommunist kalkulation kalender besatzung ministerium unterstützen auswärtig friedlich separat atomrakete schlucken provokatorisch streitkraft kampfflugzeug absolvieren impfen 
64	0,01367	marine parade lore herkunft englisch mädchen zentrum gesetzlich orientalisch begegnung schmücken bürgersteig festlich fein verschränken lieferung tintenfisch anpassen orient witteck niedlich überlassung wertvolle darbietung gemessen politiker gesichert phänomen staunen lügen gemäß brusttasche verbeugen bildhauer kurve liebespaar uneinig fälschung schornstein tierarzt schwanger zeichen rücken mode zusammensein gelegenheit schaffen halbe bauunternehmung indianisch 
65	0,01319	raum melodie begeben echoen regenhaut staunen geehrt andenken bleibend punkten unverwüstlich geschäftsverbindung losung transfer zutrauen aufsteigen vergessenheit wanken differenziert langweilen verbindlich anschließend zuschlag beschämung reiseschriftsteller beutel husten abneigung balkon haelfte flause föhn tief blasen leise salzknabe erzählung erzürnt geziemend bäumen lauttranszendenz pappen holzen mitzuführend drehung dynamik prätension durchwandeln schnalzlaut geworfen 
66	0,00763	schreibe komma intonation glaskanzel wortanfang redundanz unvorsichtig interpunktion karsch fortschrittlich großschreibung kniff gesamtgestus ambivalenz hersteller metall christ postbeamte toleranz bertrand zufälligkeit wrack stören fuß schriftstellern anruf hochspielen gesichtet projektieren eilige beige westmarkgebiet dollarrechnung hinstieren krakeelen anzeige muten darstellungsmedium unsignifikant stilist übersehbar redundant adverbialsatz objektsatz dazugeben inkonsequent wortstruktur interpunktionszeichen markiert zusammengehörigkeit 
67	0,00602	partei stadtrat rad erziehung oberschule sinnend beamten lippe zugestehen nötig kerze wohnung boot beziehen direktive gen schrebergarten interpret bachgeschichte wuchtig frl optimismus präsidentin rentenalter qualifikationsperspektive klingelknopf vorschreiben mitgliedschaft abreisen gehörig sektion vernunft anschaffen nachtrag oberassistent männlich lebend übersiedeln uniform übrig privat vorschlag zahlenschlüssel geburtsstunde nervenaufreibend widerstreben wochenstunde schullehrerpraxis misslungen vorlügen 
68	0,01309	puppe krankenhaus arm ansetzen figur laufende aufstand hack sturm versorgung leihgabe bundesrepublik drohend organisation strukturalismus krank hoerspiel feucht begütigend hau bibitte bribritt anwandlung uebersetzung latein bestandteil beunruhigen leine durchsagen politik western mächtig laut gewünscht einfluss huhn lage nachfarbe unglaube tempelkontrollkarte lebensfremd verwildern schiess-scheibe sehenswert zusammengelegt felsenriff zusammenhängen kaktus wüstenpflanzen schwarm 
69	0,008	brille kunst nase vergnügen firma bergleute bügellänge optiker hypothese carlton modell belehrung gesellschaft komponente grube biologie drinstecken schnitt befreit kaffeemühle währungsgebiet rettung ansatz risiko schneeverwehung streitgespräch bezeichnung schule anmelden trennung schatztheorie christus begleichung abstreiten zirpen synthese vorankommen boykottgeschichte raumschiffahrt unverstehbar verstehbar telephonamt komplexität teilaspekt elektronenrechner schaltschema zusammenspiel sachkenntnis komplexion zurechtlegen 
70	0,01446	jugend versucht verschollen edel ordinär königlich sträuben sozialistisch verbreiten freundin durst schatten appetit talk sünde assistent entfaltung haften überbau gymnasium übertritt platonisch plebejisch kirchlich subjektivität kreuzen angloamerikanisch gerührt ehrendoktor selbstdarstellung akademie-mitglied limitation kulturbetrieb akteur wissenschaftler vertrag schultern erwähnung unbillig kulturerbe schweifen griechisch suspendieren auftauchen kreuz hals wurst weißen entwicklung ideal 
71	0,01446	september bewusstsein traktat abhängig nibelunge funktionieren socialism-effekt grämen grundmechanismen menschliche anfällig gewaltig wundersam besagt einrichten beifügen verleger glück verdammt sachlich betreffend mitte singular hirsch verdoppelung mehrzahl eingeständing gewebe abrede vermagst eingedenken herzogtum gewandt rechenschaftsbericht verfertigen kurier ominös fortführung mangelnd aschenbecher schreck gefasst lauschen verantwortlich niveau unterstellen co persönlichkeit monumental alp 
72	0,01189	bündeln mathematiker prinzessin wickeln vorgeblich psychologe kunstwort unzahl durchblättern durcheilen idylle rachitis herrlich wichtigkeit königlich training geburt westen glücken balkon betrüblich beimessen dirigieren deutsche anzug heben zurückkehrend erstmalig weltläufigkeit fortimitierend unterbrechend kursbuch-beitrag debakel abwicklung rückblick fensterecken hammelbein besserwisserisch buhbahgesicht ernsthafte verkleinern schließlichenfall privatdozent demarkationsvorhang umarmungszeremoniell durchschnittsbürger biographisch-politisch ökologisch bedürften verlängerbar 
73	0,00511	straße kaufhaus hügel hauptstraße bank frisch reihe seitlich windmühle pferdefuhrwerk kellnerin brötchen schalter stufe ansässige führen hyazinthe abbiegend schienenersatzverkehr bahnbeamte schimpfen sehend abenteuerlich schulferien vormittag triebwagen flügel korrekt bahnlinie gebaut bedienung entzuendung einschätzen gr ansteigend harren zitrone dicht industrie minimum wirken wiese frühstück faktum wenzelsplatz obersachse fernsehantenne rückfahrkarte arbeitspause baustelle 
74	0,00955	schlüssel bart aufsatz seelisch sojasoße schrank chronologie blank abmelden bademeister wc spezifiziert bedrängnis hausmeisterin zuschlagpflichtig plagiat hosenträger vierteljahr verständnisvoll ausspruch mittagessen hindernis verschlossen überarbeiten gewandhaus überschuss angriff tafel talent geläufig spießer angegeben vorwort zurückführen musik leitung verachten weiterbildung korrektur verwenden huhn rand zwischen-fall wegtun leichtfertigkeit dementi dargebieten widerhallen losgelassen röhren 
75	0,0108	aufschlagen whisky schnee eintreiben tagelang mischung unterlegen eröffnung wende senken sonderlich mikrofon unzweifelhaft schüchtern becher frühstück zubehör unaufbrauchbar ultrastabilität segel volkslied erschallen wiederaufnehmen literarästhetisch freistaat wirtschaftshilfe lieferant preisstufe chinoiserie hoheitsgebiet lustzins lehrstuhl seminar-referat apollinisch würdigung demütig anhänglich schornstein-neubau ansichten-karte anblättern aussehend anwärter abwandern schulaufsichtsbehörde ungebeugt gesellschaftsspiel falsifikation yours-truly-brief vertrauensselig ganove 
76	0,01401	aufführung ästhetisch heft hochhut magie selbstbefriedigung tatbestand kombiwagen erraten herauskriegen bitter streiten klug anstellen schönberg anmuten bedeutung dreizehnte reizen mitschuld vollversammlung lokalzeitung komponist störrisch einheimisch taktik private betreff vergünstigung schwitzen einmalig transportbewegung unbedeutend hinterland sinnlosigkeit testament herzen anhaltend verhältnismäßig schwere kollege zurückziehen mannschaft strahlen kräftig herauskommen walt schütteln einpassen unbekannt 
77	0,0197	pause urteilen unerträglich bauch ungeduld ausrufen trümmer ruhen furcht verschütten zimmertelefon getauft vorgeschlagen phonetik verzweifelt aufgeregt mittwochmorgen vermutet ausdrücken erregen gramm geburt modell definit rübe anerkennung eisen bürger angesicht bereuen teller neid idol anrechnen blöd busen viertelstunde herstellen manier träumerei trommelrevolver modernste aufsehen verkehrsflugzeug nachrichten-dienst bandit verdruss wiederfinde-zeichen begleitzettel portier 
78	0,02341	herr bitten ozean dr verehrt vollkommen interessiert sennerin baumgärtner fräulein fragebogen liebenswürdig innerlich zweig berg empfehlen folgen bemerkenswert erhalt darinnen geschätzt hütte eifer stringent weisen obig vorsicht gestatten institut eingedenk sinnvoll erheiternd performance schnupfen hiersein unerfreulich unnachahmlich versenden dreck timen zweifach anheimfallen kalb gesinnung befahren alm steuern allernächst schweiß heimat 
79	0,01305	song dienst nachtschwester abschließen ergehen versehen essen frühling station glocke seitenschwester nachtdienst schülerin abitur operation umziehen üblich handfest klinik unbedingt fühlen sanatorium oberschwester visite chefstation stationsschwester hilfsschwester säuglingsschwester ahornblatt transpress-verlag abendlich anreisen kurios tee herrschaft germanistik ch krankenschwester weiblich dringen nachtrag unvergesslich glücken reichsbahn november verschieden unsittlich wortwörtlich bürgerin leiterin 
