sender_norm,0,1,2,3,4,5,6,7,8,9,10,11,12,13,14,15,16,17,18,19,20,21,22,23,24,25,26,27,28,29,30,31,32,33,34,35,36,37,38,39,40,41,42,43,44,45,46,47,48,49,50,51,52,53,54,55,56,57,58,59,60,61,62,63,64,65,66,67,68,69,70,71,72,73,74,75,76,77,78,79
BaumgärtnerKlaus,0.012821813656603388,0.00323673788039349,0.1241672251927341,0.0027571037320727456,0.007653153871829546,0.0009442525990293821,0.00034668900568109135,0.0014561577753650968,0.0001082035417910917,0.006675050726565776,0.0011653752989848273,0.00272013950921902,0.006990557773439655,0.0039752497744141285,0.009119872382228389,0.0035367845815273595,0.026722246401861244,0.018257840703217225,0.00011161099159494291,0.006948797972809927,0.004283011413720325,2.045202021267867e-05,0.009437964894554748,0.006483835238254758,0.0012500495901514143,0.006508363704002271,0.00894973767567888,0.004308277730001006,0.003415539843961918,0.0057272502607985856,0.0015467756905207537,0.006219836194096063,0.0043391786796983375,0.014649374271224265,0.015273673591334719,0.011591598004508373,0.0014451759597608397,0.0030108945464168736,0.13283729595751012,0.0026988994150805804,0.002073491582509499,0.001856863687307857,0.03608620869765775,0.0017629404280979958,0.022203106188110576,0.0024051713401954103,0.09812808012545375,3.8725542062256266e-05,0.001715051685647029,0.0003400169488186096,0.004488020922942845,0.0019123751212456672,0.00395180719291092,0.000333305647316308,0.006929287810011271,0.010081385512005154,0.004305665216175955,0.2548458103184654,0.004060702526746143,0.0019524280831372043,0.0001976547651046617,0.0029263075639089386,0.00830037789530436,0.0001259204512787853,0.004026542130516328,0.0009969682756621665,0.0001410874703160136,0.003861413918282501,0.0008676833682196995,0.004187438270294685,0.0016727471240791277,0.00018399802123597576,0.0006186928286423818,0.009159382874258814,0.0024891233697009497,0.004097745429090345,0.0001478768934580908,0.003919142978152026,0.00504227143171484,0.003855132311108351
BaumgärtnerKlaus+BaumannSabine,0.0004526175357907167,0.00079089946411815,0.09538508908791672,0.00026070323613057016,0.0002723219483134333,0.00031874099943325,0.00027307339891625,0.007389663537956534,0.0001363105408310902,0.00034641007922248335,0.00033450361299613334,0.00041478242352191663,0.0004361757955345333,0.00030182779834586664,0.0004171015639138833,0.07474882471820482,0.0364013820028955,0.00031788122418718336,0.0001406031112768183,0.00039833188955593334,0.0006841813426371334,2.5764645871398664e-05,0.00040658963902848335,0.00042301916135046663,0.0004108691419193167,0.0007457358836026,0.00037977035645775,0.03111848506063862,0.00033861324739971663,0.0003137261086062,0.00029650356103243334,0.0006895371611568999,0.04322653073273383,0.0007587148868293166,0.0003454212410406333,0.00027653619279278333,0.00039564395020706667,0.0007952508351238501,0.08329516414370852,0.00039967347758930005,0.00025790840774836014,0.00045634001821776666,0.0021130826173262336,0.00030191251863873335,0.011818120097448566,0.00032220375694198334,0.11671616678659864,4.8784905698140196e-05,0.0003094830817454167,0.00042833989921223334,0.007777250181315583,0.0005421129335313167,0.0002412712724118096,0.011922904742064718,0.057478046993505366,0.0002816373883225333,0.00045081929962705,0.3309353781667916,0.0003201207374417167,0.02867181807819368,0.00014170865351192772,0.0015228786451450833,0.0003501772737962167,0.00015862960242691218,0.0007495894362473666,0.00041899241038363336,0.00017773641292071317,0.00024259982185548539,0.02868651560411418,0.0005413100160363667,0.008109990270523233,0.00023179342719620828,0.0002970610266613,0.0003371507397798834,0.0002428559205368339,0.00022982864818406635,0.00018628945956879339,0.0002746908597703,0.0004306966237687333,0.0004128285259994333
BaumgärtnerKlaus+BaumannSabine+KrienkeGisela,0.0004022609142642,0.0007029067951851,0.0417428267994593,0.000231698318834,0.0002420243743128,0.0002832790064607,0.0002426922211871,0.0002554655254526,0.0001211451135731,0.0003078697225792,0.0002972879275511,0.0003686352023793,0.0003876484237075,0.0002682475081326,0.0003706963234376,0.0002268640283732,0.0065121989896584,0.0002825148867588,0.0001249601078575,0.0003540148964698,0.0539885862007733,2.2898162762996714e-05,0.0003613539180275,0.0003759555499741,0.0003651572986068,0.0006627679544354,0.0003375184537034,0.0003943945784566,0.0003009403386084,0.0002788220545985,0.0002635156265767,0.0006128217025033,0.0006675202801657,0.0006743029598017,0.240519350912412,0.0002457697569,0.0003516260077183,0.0007067740480877,0.2338602904033449,0.0003552072241774,0.0002292144331439,0.0004055692465006,0.0018779885407588,0.0002683228027462,0.0002800436449511,0.000286356509852,0.013502864003976,4.335727013789605e-05,0.0002750510918556,0.0003806843214148,0.0005999306537023,0.0004817993715064,0.0002144282864704,0.0003731703216948,0.0002786490196432,0.0002503034115099,0.0004006627434775,0.3829462512197483,0.0002845052397125,0.0002336922639833,0.0001259426513851,0.0013534485689762,0.0003112177924475,0.000140981035545,0.0006661927744821,0.0003723768010363,0.0001579620900781,0.0002156090262155,0.0002467545953044,0.0004810857837639,0.0008956512608661,0.0002060049126941,0.0002640110705571,0.0002996405443987,0.000215836632266,0.0002042587280255,0.0001655635550952,0.0002441297290839,0.0003827788451569,0.0003668986885644
BaumgärtnerKlaus+BaumgärtnerSabine,0.0002650603942083384,0.005134809845935636,0.11526559586041228,0.00015267217258702566,0.0031260384384435833,0.00018666005684588654,0.0009610837280622879,0.00016833301591572645,7.982573106524162e-05,0.015486068691472869,0.0008283732735009599,0.00024290352007095466,0.006415586412361166,0.023661175688126194,0.0029430556711153625,0.01153416933068714,0.018011452897783796,0.016490254266235984,8.233953206618709e-05,0.010421148004277913,0.020806104395662616,1.5088207263956578e-05,0.0002381056885337837,0.0029372223071987844,0.00024061183695618204,0.001472907788710295,0.007463235554305688,0.00025987705673705754,0.0003663910283949966,0.00018372325295646868,0.0014386021746107338,0.0004038044868020013,0.0004398468315680986,0.0029010213861165907,0.02290040068468935,0.030276289086576872,0.00023169571020889432,0.0014544123571239597,0.13334291884377342,0.004540421561994045,0.0011872278650862974,0.0002672403421368322,0.05393784228648054,0.01868753903866959,0.010519747401658236,0.0013278701824630645,0.10662338630320757,2.856925618928201e-05,0.016837858997114596,0.0021045678631807715,0.006485607113181173,0.0014578196769203385,0.00014129248983891645,0.00024589183057024846,0.0001836092356312666,0.019679756832287575,0.00026400731705437626,0.20939008088366745,0.0187360610065415,0.015632807000666094,0.0013549625211550832,0.003093694340340811,0.00020506966455260226,9.289614658641527e-05,0.0026934387551762703,0.0015103336921234833,0.00010408541417123982,0.0001420705105990912,0.0001625931528140866,0.004971396263364547,0.002875438309174371,0.00013574210526377028,0.00017396390242198907,0.005595029155836868,0.014505562682748954,0.01451171348297406,0.00010909422124776942,0.00016086355878579633,0.00025222314173246657,0.00024175928502349726
BaumgärtnerKlaus+BierwischManfred,0.0007020801799381,0.001226808053539,0.0262717725514106,0.000404391258534,0.0004224136878369,0.0004944168542759,0.0004235793045722,0.0004458730036096,0.0002114388450879,0.0005373358995648,0.0005188671189949,0.0006433920374576,0.0006765764841138,0.0004681818493903,0.0006469893848313,0.0003959538006646,0.011365970881896,0.0004930832091744,0.0002180972893431,0.0006178747012219,0.0010612716524776,3.996497214327122e-05,0.0006306837547321,0.0006561684986406,0.0006373219291776,0.0011567523172325,0.0005890828770724,0.000688350786245,0.000525241801002,0.0004866379787887,0.0004599231293995,0.0010695793598304,0.0011650467191632,0.0011768847694693,0.0005358020577806,0.0004289506363384,0.0006137052893179,0.001233557706606,0.4547480811203477,0.0006199557128784,0.0004000560451181,0.0007078543290276,0.0032777197233525,0.0004683132637386,0.0004887700635728,0.00049978812963,0.0235670254141672,7.567297477985655e-05,0.0004800563843379,0.0006644217904377,0.0010470801570968,0.0008409014583483,0.0003742492611402,0.0006513073413615,0.0004863359747702,0.0004368633838399,0.0006992908360229,0.0162012148514675,0.000496557042476,0.0004078713614214,0.0002198121572613,0.0023622215859124,0.0005431794041466,0.0002460591802322,0.0011627297766112,0.0006499223817321,0.0002756968144129,0.0003763100479165,0.0004306695095861,0.0008396560084602,0.0015632117764681,0.000359547649408,0.0004607878452756,0.0005229732242641,0.0003767072967945,0.0003564999716375,0.000288963919761,0.0004260882378717,0.000668077436695,0.419891476525342
BaumgärtnerSabine,0.0001164116435002,0.000203416569578,0.0043561124608912,6.70519584062586e-05,7.004025044890401e-05,8.197906766935709e-05,7.023352090964687e-05,7.39300305374681e-05,3.5058593248776075e-05,8.90954579938611e-05,8.603315661999873e-05,0.0001066805852602,0.0001121828855448,7.762905164093966e-05,0.0001072770600389,6.565294677537869e-05,0.0714004527582328,8.175793649011164e-05,3.6162627319301496e-05,0.0001024495655934,0.0001759690428463,6.6265765970606085e-06,0.0001045734298092,0.0001087990453548,0.0155536442175535,0.0001918006549958,9.767560435031192e-05,0.000114135178034,8.709014018177897e-05,8.068925532894047e-05,7.62596764686863e-05,0.0001773465405941,0.0001931759465767,0.0001951388091262,8.88411322799769e-05,7.112413935545043e-05,0.0001017582370158,0.0002045357269464,0.1217455140558656,0.0001027946173325,6.633313834396593e-05,0.0001173690529308,0.0005434774415112,7.765084140327276e-05,8.104277548361183e-05,8.28696767614913e-05,0.1738353106432407,1.254730672421057e-05,7.959796369479388e-05,0.0001101675204803,0.0001736159564778,0.0001394295460622,6.205412545888503e-05,0.0001079930187437,8.063918015926949e-05,7.243614896285297e-05,0.0001159491434628,0.1030981229227176,0.4712454224268408,6.76289929220366e-05,3.644696890655903e-05,0.0312876192781032,9.006436723187633e-05,4.079897764907426e-05,0.0001927917752269,0.0001077633791224,4.571318232685809e-05,6.239582371840485e-05,7.140914506484663e-05,0.0001392230384972,0.0002591955409616,5.961645689515616e-05,7.640305467416025e-05,8.671398834895688e-05,6.246169140146266e-05,5.9111122621006174e-05,4.7912995941015366e-05,7.064952617110954e-05,0.0001107736617745,0.000106178049667
BierwischHedwig,0.000304677761944,0.0005323909473133,0.0114010124370288,0.0001754913856288,0.0001833124772672,0.0002145592838719,0.0001838183133645,0.0001934929837544,9.175691886803362e-05,0.0002331846190359,0.0002251698268645,0.0002792092009241,0.0002936100674169,0.0002031742272907,0.000280770321403,0.0001718298297929,0.0049324260527083,0.0002139805294555,9.464644623491626e-05,0.0002681355869449,0.2834783840308471,1.734337276098571e-05,0.000273694259398,0.0002847537294694,0.0002765749903904,0.0005019892559408,0.0002556409619792,0.0002987196946708,0.0002279362115347,0.0002111835293048,0.0001995902373203,0.0004641593010122,0.0005055887306007,0.0005107260222892,0.0002325189863983,0.0001861492798095,0.0002663262108596,0.000535320056052,0.4197156030351676,0.0002690386717951,0.0001736100575998,0.0003071835367429,0.0014224134765901,0.0002032312564316,0.0002121087780711,0.0002168902258361,0.0102272486306322,3.283937255941993e-05,0.0002083273520125,0.0002883353637974,0.0004543954493464,0.0003649212464132,0.0001624108336222,0.000282644160559,0.0002110524703302,0.0001895831300569,0.0003034672861527,0.2496174609211154,0.0002154880492317,0.0001770016261816,9.539063775930688e-05,0.0010251199315654,0.0002357204916453,0.0001067809097609,0.0005045832601552,0.0002820431374674,0.0001196425861186,0.0001633051415955,0.0001868952095041,0.0003643807655744,0.0006783781669222,0.0001560308583893,0.0001999654931748,0.0002269517301278,0.0001634775334427,0.0001547082749169,0.0001254000367352,0.000184907100948,0.0002899217839129,0.0002778939422849
BierwischManfred,0.010852746565343251,0.01792653100855505,0.18894392394430476,0.0025977373488858912,0.0019065539156875393,0.004839644093606014,0.0013315080070404868,0.0007435588583895858,6.694669242178997e-05,0.006041458921804673,0.006828296230025881,0.006518537159904213,0.003765612442714475,0.005902112285854665,0.0019920634705223993,0.0007681689087876076,0.15377507360085163,0.0014381710852356677,0.006147399944876616,0.0013578386434770918,0.00720601175515157,1.2653884373081762e-05,0.007746959528288552,0.008487632738760941,0.0026000072386462383,0.004484219906000047,0.005202937116541438,0.008816454400199894,0.00355205702894733,0.0006362975005982508,0.0022412265840629324,0.02098577620958027,0.012765364990133296,0.004205200766632981,0.0009733796723450413,0.0005061734983343413,0.000756427054457445,0.0027971700079437887,0.12354463855545335,0.0015680835786587432,0.008497523692138471,0.012450939062609018,0.01959703053124648,0.0020828990974782126,0.0010638784447229667,0.00881137444269312,0.08282403995617367,2.3959908431780506e-05,0.0027249780590266003,0.004810748116945779,0.022205288047118677,0.001982833686621488,0.007287143805259603,0.008081080201028835,0.0020804076770063566,0.0031240531627887793,0.008353778478619733,0.08699206469906962,0.0054619045871392045,0.00031690916206640564,0.00097812505697343,0.006860127573906208,0.004265896124912743,0.00017771773603711752,0.0013611527275962727,0.00848264922650999,0.0010733223181739926,0.007795896353619361,0.002761892980640765,0.0019604970163048245,0.002069085203583371,0.00026084528799200237,0.004828662088545733,0.0031883680072449187,0.0005846016533395313,0.001207306842247477,0.0016023133744890428,0.004012819018982395,0.010252955765221545,0.004670375682092984
BierwischManfred+BaumgärtnerKlaus,0.00039937652315386664,0.0006978666383129667,0.1085295428878957,0.00023003693800523333,0.00024028895103656665,0.00028124776897530003,0.00024095200914926666,0.0002536337230962333,0.00012027644879298498,0.0003056621586338667,0.00029515623982053336,0.0003659919226994333,0.000384868810706,0.00026632405322956666,0.0003680382645956,0.00022523731157446665,0.14165911827289746,0.0002804891283542,0.00012406408785790773,0.00035147645093826663,0.000603701677956,2.2733972669516088e-05,0.00035876284842103334,0.0003732597801198334,0.0003625389570563,0.0006580156110478,0.08154133845671833,0.0003915665925009,0.00029878246145296664,0.0002768227754562,0.00026162610138603335,0.0006084274961356334,0.0006627338604719667,0.0006694679052538334,0.00030478963663943336,0.00024400747755130001,0.0003491046915902333,0.0007017061612783334,0.14813000694590808,0.00035266022912166666,0.00022757086288923334,0.010743893665898866,0.0018645225209189666,0.0002663988079470333,0.0313336737758488,0.010625535738021467,0.1825127591049065,4.3046379071626317e-05,0.00027307885220686666,0.0003779546441491667,0.0005956288819342666,0.0004783446539963,0.00021289073951673334,0.00037049452317609996,0.00027665098123903336,0.00024850862382496666,0.0055684060783352,0.17585132953552315,0.0002824652095849,0.00023201658567383333,0.0001250395861078404,0.0013437437359133666,0.0003089862213401,0.00013997013831085642,0.0006614158735992333,0.0003697066924164333,0.0001568294310694518,0.03123776061103053,0.00024498525422273333,0.0004776361829978667,0.0008892290397574,0.00020452776510706668,0.010603350525544966,0.00029749198735043333,0.00021428898684156667,0.03639710796593441,0.00016437639017416613,0.00024237920947,0.0003800341492168667,0.0003642678604671333
BierwischManfred+BaumgärtnerKlaus+BaumgärtnerSabine,0.000464210400899,0.0008111567234525,0.017370708384753,0.0002673806120844,0.0002792969136279,0.0003269048930492,0.3082865601044484,0.0002948080456764,0.0001398018543303,0.0003552826592775,0.0003430712334639,0.0004254062202266,0.0004473475393608,0.0003095584951826,0.0004277847606188,0.0002618018251993,0.0075150987742701,0.0003260230964327,0.0001442043701189,0.0004085343397458,0.0007017052372891,2.6424554161583053e-05,0.0004170035944477,0.0004338539251145,0.000421392707983,0.0007648363709267,0.0003894973912419,0.000455132623841,0.0003472861276807,0.0003217615561318,0.0003040978885063,0.0007071982340592,0.0007703205702468,0.0007781478045649,0.0003542684940441,0.0002836190972919,0.0004057775543717,0.0008156195458561,0.2390748850443153,0.000409910289791,0.0002645141999347,0.0004680282270396,0.0021672048724497,0.0003096453854111,0.0003231712753643,0.0003304563419531,0.1079842966422237,5.003443048752627e-05,0.000317409852885,0.0004393109427079,0.0006923219218953,0.000555998038758,0.000247450938674,0.0004306397626388,0.0003215618732317,0.000288850949429,0.0004623661066231,0.2571173215495703,0.0003283199702025,0.0002696816312595,0.0001453382285393,0.0015618840422265,0.0003591463427742,0.0001626925726782,0.0007687886243784,0.0004297240372228,0.0001822887647341,0.0002488135161728,0.0002847556040075,0.0005551745561867,0.0010335844625444,0.0002377303379917,0.000304669632468,0.0003457861609432,0.000249076174294,0.0002357152352156,0.0309917101293759,0.0002817264998682,0.0004417280299056,0.000423402277647
BierwischManfred+DohertyMonika,0.0001220687884897,0.0002133018095143,0.2961440477201408,7.031041811984019e-05,7.344392932483102e-05,8.596292579530626e-05,7.36465919647902e-05,7.752273732569684e-05,3.676230208042324e-05,9.342514451512756e-05,9.021402741843247e-05,0.0001118648393454,0.0001176345296397,8.14015162100273e-05,0.0001124903004369,6.884342006251716e-05,0.0100755108723573,8.573104851622847e-05,3.791998783580224e-05,0.0001074282088739,0.0001845204416508,6.948601984442422e-06,0.000109655284482,0.0001140862482135,0.0001108094459802,0.0002011214074719,0.0001024222520149,0.0001196816958147,9.132237619661866e-05,8.461043368163287e-05,7.996559482588654e-05,0.0001859648803355,0.3160768294260103,0.016403302084894,9.315845957844784e-05,7.458049094101823e-05,0.0001067032844644,0.0002144753535,0.1519598844904512,0.0001077900287614,6.955666624839582e-05,0.0001230727242282,0.0896626299556842,8.142436486854206e-05,8.498113351620195e-05,8.689681496331366e-05,0.085090936696978,1.3157056155048605e-05,8.34661095945922e-05,0.0001155212258122,0.0001820530046008,0.0001462052699862,6.506971027811146e-05,0.0001132410519002,8.455792505696814e-05,7.595625902097203e-05,0.0001215838127816,0.0271148820105839,8.633503454896531e-05,7.091549422855148e-05,3.8218147298465606e-05,0.0004107130999796,9.444113890610824e-05,4.278164643585821e-05,0.0002021606922223,0.0001130002527024,4.793466200518728e-05,6.542801372022863e-05,7.487934679952688e-05,0.0001459887269712,0.000271791418073,6.251358067314275e-05,8.011594064449883e-05,9.092794487394164e-05,6.549708231190675e-05,6.198368915393465e-05,5.024137785172514e-05,7.408281343495627e-05,0.0001161568231735,0.000111337882512
BierwischManfred+KlemmEberhardt,0.0006422442635432,0.0011222513572787,0.0240327183367332,0.0003699263608943,0.0003864127995741,0.0004522793799502,0.000387479074742,0.0004078727573001,0.0001934186282825,0.000491540580339,0.0004746458313992,0.0005885579127201,0.0006189141613549,0.0004282802956957,0.0005918486703583,0.0003622079989887,0.2234638223223495,0.0004510593969048,0.0001995095958801,0.0005652153326466,0.0009708230631505,3.6558892894459696e-05,0.0005769327138993,0.0006002454793793,0.0005830051392145,0.0010581662341592,0.0005388773381761,0.0006296849795849,0.0004804772208445,0.043058470402072,0.0004207254384445,0.0009784227327366,0.0010657537322993,0.0010765828656631,0.0004901374626963,0.0003923926260899,0.0005614012656009,0.0011284257602701,0.0750849865636393,0.0005671189867261,0.0003659606230381,0.0006475263014579,0.0029983707701464,0.000428400510044,0.000447113846098,0.0004571928796938,0.0215584876393467,6.922362337859695e-05,0.0004391428042385,0.0006077953710634,0.0009578410608666,0.0007692342744627,0.0003423532638733,0.0005957986220746,0.0004448872064419,0.0003996309969154,0.0006396926459648,0.483566816403553,0.000454237167157,0.0003731098663967,0.0002010783114125,0.0021608974389562,0.0004968860628122,0.0002250883894917,0.0010636342549155,0.0005945316978648,0.0002522001084683,0.0003442384167708,0.000393965005591,0.0007680949700512,0.0014299845300125,0.0003289046207273,0.0004215164575146,0.0004784019872202,0.0855712156702552,0.0003261166862133,0.0002643365033518,0.000389774180152,0.0006111394589687,0.0005857854185586
BierwischManfred+ZeibigBrigitte,0.0002818839917574,0.0004925613357754,0.0666576070604878,0.0001623623988323,0.0001695983733808,0.0001985075215878,0.000170066366507,0.0001790172485505,8.48923347633116e-05,0.0189189178792939,0.0002083242610649,0.0002583208029024,0.0002716443014928,0.0001879742119855,0.0002597651317219,0.000158974773925,0.0232665963088048,0.0001979720653599,8.756568874645858e-05,0.0002480756360359,0.0004260987538002,1.6045867979372912e-05,0.000253218449118,0.0189666289646308,0.0002558836648073,0.0004644340774367,0.0002365157678711,0.0002763716636656,0.0002108836849907,0.0001953843163808,0.0001846583500308,0.0004294342840969,0.0004677642656293,0.0004725172225853,0.0002151236100303,0.0001722229470267,0.0002464016242858,0.0004952713099406,0.0516583279546987,0.0002489111586577,0.0001606218180586,0.0002842023027437,0.0013159988643494,0.0001880269746216,0.000196240344776,0.0002006640794581,0.2339002616194238,3.038256998080835e-05,0.0001927418174627,0.0002667642127652,0.0004204008926708,0.0003376204976685,0.0001502604384185,0.0002614987838855,0.0001952630622838,0.0001753999016185,0.000280764074945,0.2496460797077174,0.0001993668034906,0.000163759654191,8.8254205283369e-05,0.0009484279275785,0.0002180856019817,9.879234012639666e-05,0.0004668340171564,0.0002609427249624,0.0001106917995725,0.0001510878407855,0.0001729130716965,0.3182911538366361,0.0006276268553144,0.0001443577664463,0.0001850055319765,0.0002099728553095,0.0001512473355308,0.0001431341290327,0.0001160185196843,0.0001710736989367,0.0002682319484867,0.0002571039423313
DohertyMonika,0.00030801099226085714,0.0034857382652260863,0.06674915105034777,0.00017741129341333636,0.00018531794922152446,0.01225538386562833,0.00018582931925805146,0.00019560983230754948,9.2760756305329e-05,0.00023573570132248573,0.0002276332258620857,0.003229786664327786,0.00029682221513591426,0.00020539699041492113,0.020310497967962488,0.00017370967948835062,0.29794202701072164,0.003580290100636214,9.568189562891655e-05,0.04448391199608116,0.013921466938207729,1.7533112424016182e-05,0.0002766885245428286,0.0002878689872351,0.0002796007712579429,0.0005074811100097999,0.0002584377207556857,0.0003019877426444,0.00023042987528544288,0.00021349391565470447,0.0002017737909401621,0.056366080787618025,0.03692322172358838,0.0005163134581764142,0.00023506278654234286,0.00018818578690139786,0.0002692398682088143,0.004182386731157685,0.07955026599598096,0.0002719820039618857,0.0001755093833123791,0.0402537957812701,0.0014379749396029285,0.00020545464346503618,0.00021442928681131428,0.002039868132487914,0.18292845177702716,3.3198641288139924e-05,0.00021060649126162018,0.015581291954605015,0.0004593666184857857,0.0003689135514441143,0.0001641876377807088,0.0002857363392558,0.03310244449071749,0.00019165720409713353,0.0003067872736435143,0.028660831895305973,0.0062370841598329,0.0001789380562733907,9.643422874440232e-05,0.0010363349306928573,0.00023829931684098572,0.00010794911240039688,0.029507721988323243,0.00028512874086192855,0.00012095149784455712,0.00016509172964648223,0.00018893987720293792,0.00036836715764631433,0.0006857997478668428,0.00015773786445443644,0.00020215315216220262,0.0002294346234722714,0.00016526600749194208,0.003103923675469696,0.00012677193602163574,0.0001869300183763997,0.0002930935811372286,0.0002809341527268429
JohnsonUwe,0.0019235391167027268,0.015567320785646318,0.12501968657227538,0.004207721116107243,0.001681996600770269,0.005148613866832896,0.00290750719040589,0.004708976570624627,0.0008967891079041731,0.0014332456654533984,0.005449002708236814,0.002427238460474394,0.006575922893876575,0.0046794533715932,0.0037124155974425084,0.004064334514969549,0.04011763356906936,0.0014821328583686328,0.0004963169554346886,0.004344238157504127,0.008835492949813348,0.000779207900100961,0.003166804179007254,0.0017320029505445943,0.006430530124743201,0.009368743307246597,0.0010409347762658516,0.006371113265740314,0.003560856617412081,0.004433864424817847,0.005938905845702998,0.002865137983427963,0.008371116639319802,0.01277685208543923,0.002228337116564765,0.0046642188934515535,0.00999522879470445,0.011895574112902542,0.27195112805142113,0.005556386242781458,0.0012886362411866088,0.004708867212757402,0.012736169976354144,0.0035020540812776614,0.001890951504870176,0.001718179154340775,0.14107112046367787,0.0001655079752938962,0.004070606422259201,0.008835748843576057,0.006626246532213026,0.007993163465244526,0.0011344233447311692,0.007200825511466251,0.002829522230800813,0.0031920023783799678,0.005876807205888329,0.04970220086353606,0.0016305844925860711,0.004287664826037729,0.0012501803106756066,0.0200342995107971,0.0052056639797220285,0.004093138277253025,0.02213871580821,0.0045931192218077324,0.005119946786467644,0.0013588778094318925,0.003616038993147372,0.005694356547504636,0.007523276230720157,0.005445771096554385,0.0040806433686613585,0.0044035504924164436,0.003579756344255008,0.0007924922649013568,0.0018699305849102592,0.0017168093064522472,0.0029137882026458025,0.005301840195884673
JohnsonUwe+BaumgärtnerKlaus,1.6774629577233624e-05,2.93118239889601e-05,0.1998559796987043,9.662021176525113e-06,1.009262666045064e-05,1.1812980659774145e-05,1.01204764552796e-05,1.0653134339585393e-05,5.051856477278331e-06,1.2838434884379736e-05,1.2397164839083064e-05,1.5372408180280098e-05,1.6165276026844456e-05,1.1186154121313642e-05,1.545835871895041e-05,9.460427064659394e-06,0.0002715643551513,1.178111620439591e-05,5.210945053101735e-06,1.4762728722887945e-05,2.535670335074904e-05,9.548732793267547e-07,1.5068772297407209e-05,1.5677673034319353e-05,1.5227376571639882e-05,2.7637999460251072e-05,1.4074812728728791e-05,1.644659654040691e-05,0.0267247203802909,1.1627121895271816e-05,1.0988830549752083e-05,2.5555197365336624e-05,2.783617557165129e-05,0.0345313397737411,1.2801787178754263e-05,1.0248812368026853e-05,1.4663109986675727e-05,2.947309179456016e-05,0.1043577825638097,0.0022408266920522,9.55844098544549e-06,1.6912589905510694e-05,7.831375359731256e-05,1.1189293972111408e-05,1.167806327419572e-05,1.1941315224680803e-05,0.2053563914441747,0.3261128945222549,1.1469869472978583e-05,1.5874866911381156e-05,2.5017629431611325e-05,2.009145234094531e-05,8.94184582412629e-06,1.5561526595489852e-05,1.1619906187315195e-05,1.0437869703738384e-05,1.67079844670628e-05,0.099444725432785,1.1864115651628352e-05,9.745170421432363e-06,5.251917971756899e-06,5.643998109520647e-05,1.2978052306425982e-05,5.879031655384666e-06,2.7780817431410424e-05,1.5528436094680293e-05,6.587156381210634e-06,8.991083697231487e-06,1.0289880985037738e-05,2.0061695112173808e-05,3.73494356489801e-05,8.590583820093615e-06,1.1009490994136844e-05,1.2495271005393489e-05,9.00057506726273e-06,8.517766402465359e-06,6.904144075971417e-06,1.0180421783370463e-05,1.5962210370979874e-05,1.5299994045653246e-05
JohnsonUwe+EbelGertrud,0.0004132917802541,0.0007221820227454,0.097731839675421,0.000238051988839,0.0002486612071362,0.0002910471306985,0.000249347367819,0.0002624709437679,0.0001244671751152,0.0003163121775424,0.0003054402067633,0.3568669156687696,0.0003982785835403,0.0002756034361121,0.0003808616199449,0.0002330851316576,0.0066907775982358,0.0002902620571785,0.0001283867848101,0.0003637227521,0.0006247361243332,2.3526080007492664e-05,0.000371263025533,0.00038626506587,0.0003751707030499,0.1926361118596934,0.0003467739411244,0.0004052097324719,0.0003091927748468,0.0002864679595578,0.0002707417961098,0.0006296266016031,0.0006858251327998,0.0006927938082098,0.0003154092547428,0.0002525092962303,0.0003612683548422,0.0007261553241031,0.2402732463538717,0.0003649477760173,0.0002354999896206,0.0004166908341298,0.0019294870562473,0.0002756807954672,0.0002877230485651,0.0002942090259019,0.0138731417963883,4.454622044258378e-05,0.0002825935888446,0.0003911235104712,0.0006163820523084,0.000495011354358,0.0002203083747629,0.0003834034605956,0.000286290179609,0.0002571672734743,0.0004116497841611,0.0643814626558644,0.0002923069899234,0.0002401006122853,0.0001293962718104,0.0013905630617325,0.0003197520587419,0.0001448470410531,0.0006844612240335,0.000382588179881,0.0001622937529003,0.0002215214929506,0.0002535211410379,0.0004942781984932,0.0009202119593629,0.0002116540138237,0.0002712508262378,0.000307857337463,0.0002217553404522,0.0002098599449874,0.0001701036665609,0.0002508242952975,0.0003932754705932,0.0003769598456938
KlemmEberhardt,0.00041008360297429544,0.0007165760850811865,0.08222090828278529,0.00023620411037036528,0.0002467309746147182,0.0012463940234651147,0.0002474118089754929,0.021147518211082714,0.00012350099871788202,0.0003138568043900359,0.0003030692272797987,0.00037580397849834547,0.0016296173543343456,0.0002734640645489729,0.016723819392392723,0.00023127580841583384,0.044635314175529774,0.002287467728946136,0.00012739018244414585,0.0003608993543815636,0.0006198866104166091,2.3343458820794085e-05,0.00036838109644497726,0.001428464282445318,0.036324868021829014,0.021277500456833978,0.0013016882545472046,0.00040206429208475454,0.0003067926660550485,0.0022269287315102924,0.00026864016302522744,0.002742169000544382,0.022895976168101295,0.0016450221425519636,0.00031296089052831525,0.0002505491929187918,0.00035846400938145987,0.011484610521701017,0.269803928498689,0.04841877114988493,0.0002336719210448658,0.004488044832596323,0.0323042445486914,0.0002735408234020959,0.01991885759102644,0.0161204386301907,0.07469115574310325,4.420043042412043e-05,0.0174452508223952,0.0021729390500595954,0.005036552115564482,0.0004911688289166864,0.00021859823109147177,0.00624089494762119,0.003768059848855199,0.0002551710126162326,0.003168821438832318,0.08861488329118351,0.00029003795703044116,0.0002382368313779662,0.0009785363075933743,0.01045970855934074,0.0003172699835131217,0.001390184804731757,0.0006791480940542364,0.0003796183392869,0.0013127485553781737,0.0005629409601592216,0.0002515531832814696,0.07355203937221949,0.0017360224198213544,0.00021001104962564628,0.0002691452418070581,0.000305467595003462,0.000220033964710185,0.010137556322189325,0.0001687832369169053,0.0002488772718050475,0.0003902226699091318,0.024097047395083348
KlemmEberhardt+ZiegnerUta+SchmidtElisabeth,0.0005918065916743,0.0010341170617685,0.0614120815098941,0.0003408747594,0.0003560664608099,0.0004167603099423,0.0003570489976868,0.0003758410935473,0.0001782287918597,0.0004529381919508,0.0004373702463033,0.0005423364163787,0.0005703086834123,0.0003946459570983,0.0005453687393942,0.0003337625472528,0.0095807525705646,0.0004156361364012,0.0001838414146243,0.0005208270101631,0.0008945809573327,3.368779610407675e-05,0.0005316241847836,0.0005531061178493,0.0005372197214556,0.0009750647658692,0.0397632934148659,0.0005802336318908,0.000442743676489,0.0004102032386552,0.0003876844090173,0.0009015837984804,0.0009820563914368,0.0009920350753591,0.0004516452660082,0.0003615766707876,0.0005173124750449,0.0010398065674556,0.1477217738460179,0.3146564690438601,0.0003372204647066,0.0005966738128125,0.0027628983033133,0.0003947567305965,0.000412000443398,0.0004212879354914,0.0983988967246509,6.378725189232893e-05,0.0789381273651764,0.0005600630903265,0.0008826184767613,0.0007088236361308,0.0003154670734211,0.0005490084876881,0.0004099486694849,0.0003682465872208,0.0005894553614835,0.2099902194717442,0.0004185643453223,0.0003438082531623,0.0001852869334794,0.0019911946605038,0.0004578638751261,0.0002074114167647,0.0009801033639707,0.0005478410594352,0.0002323939583191,0.0003172041787163,0.0003630255658673,0.0007077738052504,0.0013176828800071,0.0003030745989146,0.0003884133066134,0.0004408314181664,0.0003175390329271,0.0003005056105776,0.0002435772399752,0.0003591638605004,0.000563144555398,0.0005397816558098
KlemmErika,0.0006070069892722133,0.00106067808816262,0.3042867429759354,0.00034963003848421335,0.00036521193477338,0.00042746468955427334,0.0003662197078531333,0.00038549447378322,0.00018280655178634734,0.00046457179100462,0.00044860398674293335,0.0005562661854565933,0.010356857266068666,0.0004047823353386333,0.0005593763928960267,0.00034233515102721334,0.029660950324561168,0.00042631164190962665,0.00018856333329938044,0.0005342043157653066,0.004342183654589907,3.4553058340394825e-05,0.00054527881299338,0.0005673125038940799,0.00055101806956202,0.0010001090494804999,0.0005093113776193733,0.0005951367810420268,0.00045411543207825333,0.005656303999608333,0.013486553976722621,0.00092474074265362,0.002577132259521127,0.00101751523693334,0.00046324565659712,0.00037086367305389997,0.0005305995107313066,0.0053768079976123,0.22008608903540192,0.010151356690645272,0.0003458818841869,0.0006119992237129734,0.008283413497346227,0.0004048959540251734,0.00042258256708216,0.00043210860598207334,0.1704071735610384,6.542561078200873e-05,0.00041504886317054665,0.0005744481643906134,0.002107207447402834,0.033570480976502635,0.00032356976273296663,0.0005631096271733999,0.008517554879366479,0.0019475569109451336,0.0006045953683485934,0.07289705782545089,0.0004293150611114467,0.0003526388782668867,0.017107252679988704,0.015131249969831199,0.0004696239890645533,0.00021273872478316227,0.00100527706265708,0.0005619122138309666,0.0002383629363863933,0.00032535148512356,0.0003723497826249467,0.00072595279041304,0.023756880688348678,0.00147094813592492,0.00039838960085533334,0.0004521540579005,0.0003256949399772334,0.0003082240186275867,0.007099084696164681,0.00036838889036521334,0.004626147168823974,0.0005536458065303
KlemmIne,0.0017670381086924264,0.0007435837832564527,0.15782534293054906,0.00024510662533485533,0.0002560302462923755,0.000299672270611264,0.00025673674124844606,0.0002702492324855251,0.0031413827821786407,0.000325686043489261,0.005218013699637345,0.0019773786807855587,0.002210472012895336,0.0002837709043540939,0.0012923436497156002,0.00023999257605429093,0.04151836108515188,0.008132647658548127,0.0001321915087367398,0.0003745016236139924,0.006343365097264142,2.4223272009266604e-05,0.0003822653519670332,0.011483570964384043,0.0016179144311421294,0.0014929691914481265,0.00035705053705954764,0.0018798143782639068,0.004183575020252469,0.000294957396391486,0.0011080418999704193,0.0008806885133980105,0.007486820691233048,0.005198935909034952,0.007053173246448226,0.0002599923729540737,0.002823735398755711,0.0019312887208769633,0.15581398291368925,0.00037576295093902856,0.004425733320094744,0.010482640373543663,0.0026024799271089265,0.00028385055624256794,0.000296249679781238,0.0005353308860197263,0.1688078564796074,4.586634128685265e-05,0.005194490025478278,0.00040271439952363616,0.001534843696262375,0.0005096809447417245,0.00022683718180428118,0.00039476556707891523,0.005660768291539728,0.00026478838868458757,0.0004238489663859661,0.03573849050293206,0.0003009694655833047,0.0002472159594427186,0.00013323091173931073,0.004913453854772226,0.0003292278650740461,0.000149139562309093,0.0007047451340928264,0.0013602309661212048,0.00016710330495592305,0.0011943910910589687,0.0002610342036371974,0.0035221531021153345,0.28783069097355335,0.00021792635012178257,0.0002792893055113423,0.0021173711461785817,0.0010987474422248125,0.00021607911431320483,0.016913262312207463,0.001916810856504242,0.0004049301326747181,0.00038813099657504583
MenzhausenJoachim,0.00028470376267220667,0.0004974885759485778,0.17496057781538193,0.00016398655906587256,0.0010100792072152216,0.0002004932524278211,0.006524985776674958,0.0001808080122883165,8.574153849053437e-05,0.00021789755186997395,0.00021040819172211316,0.022908080692933628,0.0002743616416855807,0.00018985457494043913,0.0002623636409828483,0.0001605650467209063,0.026691365097505543,0.00019995243986920132,8.844163484298852e-05,0.0002505572117323682,0.00043036114864314443,1.620637965493302e-05,0.0002557514699308064,0.00026608590563889146,0.00025844334657952866,0.009134550349500942,0.0002388817067063045,0.0002791362930935021,0.002330732613278133,0.00019733880485354175,0.0001865055434146555,0.04059562717856709,0.0048354141182046,0.0004772439554255445,0.005847880305243511,0.00017394574530923726,0.0002488664543358324,0.06195469322330598,0.10553618074518765,0.0002514010923399001,0.0001622285667356671,0.00240478465936289,0.0013291631994307555,0.0001899078653771781,0.00019820339635993206,0.00020267138299945179,0.14303364947938027,3.0686496027171876e-05,0.000194669872218681,0.00026943273595291537,0.0096512334796066,0.00034099781772706667,0.021966616864090602,0.00026411463539395135,0.00019721633781507705,0.00017715447993972574,0.0002835726429928151,0.1834994481770476,0.00020136112998769224,0.00016539779159289918,8.913703881928498e-05,0.0009579153392909223,0.12909482981302448,9.978058981573032e-05,0.0004715038991720666,0.00026355301404513466,0.0007713419687531967,0.0001525992182013035,0.00017464277350512573,0.0026330105525645114,0.014389011894469679,0.00014580182089092336,0.00706050653058491,0.0002120732773540604,0.00887870163842587,0.00014456594306176007,0.00011717908806330236,0.00017278500094268208,0.0002709151538792149,0.00025967583090905186
MenzhausenJoachim+MenzhausenIngelore,0.0002872566032647,0.0005019493846822,0.0679280780244863,0.0001654569700667,0.0001728308597905,0.0002022910063757,0.0001733077727039,0.0001824292554672,8.651035333822017e-05,0.0002198513641772,0.0002122948495161,0.0193228988626098,0.0002768217480409,0.0001915569355311,0.0002647161653978,0.0001620047781988,0.0046503950426685,0.0002017453445371,8.923466052478768e-05,0.0002528038719622,0.0004342200488537,1.6351696680085905e-05,0.000258044705285,0.0002684718063191,0.0002607607190646,0.000473286030516,0.0002410236767034,0.0002816392121037,0.0002149030551778,0.0001991082739564,0.000188177874393,0.0004376191532056,0.0004766796909451,0.0004815232376188,0.000219223791724,0.0001755054569033,0.0002510979541263,0.0005047110100188,0.2813587724936528,0.0002536553193565,0.0001636832144247,0.0002896191004575,0.0013410813480979,0.0001916107038048,0.0001999806179571,0.0002044886674941,0.1430600470338841,3.096165126911865e-05,0.0001964154099217,0.000271848646508,0.0004284135884595,0.0003440554277245,0.000153124350468,0.0002664828603727,0.019258639263238,0.0001787429631522,0.0002861153412247,0.1400463204211779,0.0192628212203346,0.0001668808566298,8.993629994904663e-05,0.0581454682995673,0.0002222422382188,0.0001006752880018,0.0004757317122577,0.0002659162031587,0.0001128015470343,0.0001539675228382,0.000176208735111,0.00034354585102,0.0006395892063658,0.0001471091756071,0.0001885316735066,0.0002139748653975,0.2288699847107758,0.000145862216087,0.0001182297925914,0.0001743343045418,0.0002733443567653,0.0002620042546567
ZeibigBrigitte,0.00020703801776923987,0.00036177621138723564,0.0316871060219947,0.00011925185607359745,0.0001245665311561317,0.00014579970833247485,0.00012491026252079804,0.006345223599794804,0.12177428322169119,0.00015845620301079452,0.0001530099023900771,0.0001897313382290249,0.00019951717502201884,0.008222119797883466,0.0001907921681609593,0.00011676371497203875,0.14283061352749918,0.03046061863802829,6.431520466854453e-05,0.09002308796751769,0.0003129608063612352,1.1785361343596007e-05,0.00018598376389220887,0.00019349901786595053,0.0001879413102210362,0.0003411173163027571,0.0643823533302296,0.00020298932570157453,0.00015488974683575292,0.00014350577808439137,0.00013562777551347704,0.0008306618387656832,0.003798981790332563,0.034283496870655024,0.00015800388492574242,0.00618953666900197,0.00018097694569030085,0.00036376663189983325,0.10566003176284122,0.0001828201472805998,0.00011797343514975895,0.00020874076969981624,0.0009665742086409334,0.0001381019612717361,0.0001441345134055466,0.0001473836559127889,0.19487048401835294,2.2315375287346276e-05,0.0063553040145235854,0.0001959328498164593,0.0003087758440780591,0.0002479753396414924,0.00011036321404903136,0.00019206550016261255,0.00014341671943391841,0.000128827634806835,0.0002062154618111489,0.03707867571360923,0.00014643083328837438,0.00012027811151282102,6.482090596116569e-05,0.0006966008849904,0.0001601794073399147,7.256095013778912e-05,0.000342880022865921,0.00019165708627403056,8.130085934969977e-05,0.0001109709241388266,0.00012700110916995063,0.00024760806609718476,0.00046097906877541666,0.00010602782239715586,0.10139267359563402,0.00015422076109252185,0.00011108806976210609,0.00010512908578211645,8.521322615806618e-05,0.0018533593870653517,0.00019701087163848143,0.00018883757906596648
